Copyright 1986-2022 Xilinx, Inc. All Rights Reserved. Copyright 2022-2024 Advanced Micro Devices, Inc. All Rights Reserved.
---------------------------------------------------------------------------------------------------------------------------------------------
| Tool Version : Vivado v.2024.1 (lin64) Build 5076996 Wed May 22 18:36:09 MDT 2024
| Date         : Sat Oct 10 16:21:46 2026
| Host         : amax running 64-bit Ubuntu 24.04 LTS
| Command      : report_utilization -hierarchical -file build/synth/hierarchy.rpt
| Design       : PebbleLinuxChip
| Device       : xc7a100tcsg324-1
| Speed File   : -1
| Design State : Synthesized
---------------------------------------------------------------------------------------------------------------------------------------------

Utilization Design Information

Table of Contents
-----------------
1. Utilization by Hierarchy

1. Utilization by Hierarchy
---------------------------

+----------------------------------------------------+-----------------------------------------------------------------+------------+------------+---------+------+--------+--------+--------+------------+
|                      Instance                      |                              Module                             | Total LUTs | Logic LUTs | LUTRAMs | SRLs |   FFs  | RAMB36 | RAMB18 | DSP Blocks |
+----------------------------------------------------+-----------------------------------------------------------------+------------+------------+---------+------+--------+--------+--------+------------+
| PebbleLinuxChip                                    |                                                           (top) |     195371 |     172119 |   23226 |   26 | 113625 |    144 |      0 |         38 |
|   (PebbleLinuxChip)                                |                                                           (top) |       1024 |       1024 |       0 |    0 |      0 |      0 |      0 |          0 |
|   system                                           |                                               PebbleLinuxSystem |     194475 |     171223 |   23226 |   26 | 113625 |    144 |      0 |         38 |
|     (system)                                       |                                               PebbleLinuxSystem |        476 |         22 |     454 |    0 |      6 |      0 |      0 |          0 |
|     bootrom_domain                                 |                                          bootromClockSinkDomain |        553 |        553 |       0 |    0 |      0 |      0 |      0 |          0 |
|       bootrom                                      |                                                           TLROM |        553 |        553 |       0 |    0 |      0 |      0 |      0 |          0 |
|     cbus                                           |                                               PeripheryBus_cbus |       1193 |       1035 |     158 |    0 |    375 |      0 |      0 |          0 |
|       atomics                                      |                                           TLAtomicAutomata_cbus |        410 |        410 |       0 |    0 |    204 |      0 |      0 |          0 |
|       buffer                                       |                                          TLBuffer_a28d64s5k1z4u |        269 |        135 |     134 |    0 |      6 |      0 |      0 |          0 |
|         nodeIn_d_q                                 |                                  Queue2_TLBundleD_a28d64s5k1z4u |        166 |        110 |      56 |    0 |      3 |      0 |      0 |          0 |
|           (nodeIn_d_q)                             |                                  Queue2_TLBundleD_a28d64s5k1z4u |          3 |          3 |       0 |    0 |      3 |      0 |      0 |          0 |
|           ram_ext                                  |                                                    ram_2x81_337 |        163 |        107 |      56 |    0 |      0 |      0 |      0 |          0 |
|         nodeOut_a_q                                |                                  Queue2_TLBundleA_a28d64s5k1z4u |        103 |         25 |      78 |    0 |      3 |      0 |      0 |          0 |
|           (nodeOut_a_q)                            |                                  Queue2_TLBundleA_a28d64s5k1z4u |          2 |          2 |       0 |    0 |      3 |      0 |      0 |          0 |
|           ram_ext                                  |                                                       ram_2x116 |        101 |         23 |      78 |    0 |      0 |      0 |      0 |          0 |
|       coupler_to_bootrom                           |                           TLInterconnectCoupler_cbus_to_bootrom |        114 |        114 |       0 |    0 |     31 |      0 |      0 |          0 |
|         fragmenter                                 |                                            TLFragmenter_bootrom |        114 |        114 |       0 |    0 |     31 |      0 |      0 |          0 |
|           (fragmenter)                             |                                            TLFragmenter_bootrom |          4 |          4 |       0 |    0 |      9 |      0 |      0 |          0 |
|           repeater                                 |                                Repeater_TLBundleA_a17d64s5k1z3u |        110 |        110 |       0 |    0 |     22 |      0 |      0 |          0 |
|       coupler_to_clint                             |                             TLInterconnectCoupler_cbus_to_clint |        213 |        213 |       0 |    0 |     34 |      0 |      0 |          0 |
|         fragmenter                                 |                                              TLFragmenter_CLINT |        213 |        213 |       0 |    0 |     34 |      0 |      0 |          0 |
|           (fragmenter)                             |                                              TLFragmenter_CLINT |          3 |          3 |       0 |    0 |      9 |      0 |      0 |          0 |
|           repeater                                 |                            Repeater_TLBundleA_a26d64s5k1z3u_336 |        210 |        210 |       0 |    0 |     25 |      0 |      0 |          0 |
|       coupler_to_plic                              |                              TLInterconnectCoupler_cbus_to_plic |         32 |         32 |       0 |    0 |     44 |      0 |      0 |          0 |
|         fragmenter                                 |                                               TLFragmenter_PLIC |         32 |         32 |       0 |    0 |     44 |      0 |      0 |          0 |
|           (fragmenter)                             |                                               TLFragmenter_PLIC |          9 |          9 |       0 |    0 |      9 |      0 |      0 |          0 |
|           repeater                                 |                                Repeater_TLBundleA_a28d64s5k1z3u |         23 |         23 |       0 |    0 |     35 |      0 |      0 |          0 |
|       out_xbar                                     |                             TLXbar_cbus_out_i1_o5_a28d64s5k1z4u |         64 |         64 |       0 |    0 |     19 |      0 |      0 |          0 |
|       wrapped_error_device                         |                                              ErrorDeviceWrapper |         91 |         67 |      24 |    0 |     37 |      0 |      0 |          0 |
|         buffer                                     |                                          TLBuffer_a14d64s5k1z4u |         49 |         25 |      24 |    0 |      6 |      0 |      0 |          0 |
|           nodeIn_d_q                               |                                  Queue2_TLBundleD_a14d64s5k1z4u |         33 |         21 |      12 |    0 |      3 |      0 |      0 |          0 |
|             (nodeIn_d_q)                           |                                  Queue2_TLBundleD_a14d64s5k1z4u |          9 |          9 |       0 |    0 |      3 |      0 |      0 |          0 |
|             ram_ext                                |                                                        ram_2x81 |         24 |         12 |      12 |    0 |      0 |      0 |      0 |          0 |
|           nodeOut_a_q                              |                                  Queue2_TLBundleA_a14d64s5k1z4u |         16 |          4 |      12 |    0 |      3 |      0 |      0 |          0 |
|             (nodeOut_a_q)                          |                                  Queue2_TLBundleA_a14d64s5k1z4u |          3 |          3 |       0 |    0 |      3 |      0 |      0 |          0 |
|             ram_ext                                |                                                       ram_2x102 |         13 |          1 |      12 |    0 |      0 |      0 |      0 |          0 |
|         error                                      |                                                         TLError |         42 |         42 |       0 |    0 |     31 |      0 |      0 |          0 |
|           (error)                                  |                                                         TLError |         11 |         11 |       0 |    0 |     18 |      0 |      0 |          0 |
|           a_q                                      |                                  Queue1_TLBundleA_a14d64s5k1z4u |         31 |         31 |       0 |    0 |     13 |      0 |      0 |          0 |
|     clint_domain                                   |                                            CLINTClockSinkDomain |         33 |         33 |       0 |    0 |    131 |      0 |      0 |          0 |
|       clint                                        |                                                           CLINT |         33 |         33 |       0 |    0 |    129 |      0 |      0 |          0 |
|       intsource                                    |                                      IntSyncCrossingSource_n1x2 |          0 |          0 |       0 |    0 |      2 |      0 |      0 |          0 |
|         reg_0                                      |                                          AsyncResetRegVec_w2_i0 |          0 |          0 |       0 |    0 |      2 |      0 |      0 |          0 |
|     coh_wrapper                                    |                                         CoherenceManagerWrapper |      14679 |       9493 |    5186 |    0 |   5351 |    128 |      0 |          0 |
|       InclusiveCache_inner_TLBuffer                |                                         TLBuffer_a32d128s5k4z3c |         29 |         29 |       0 |    0 |    335 |      0 |      0 |          0 |
|         nodeIn_d_q                                 |                                 Queue1_TLBundleD_a32d128s5k4z3c |         25 |         25 |       0 |    0 |    147 |      0 |      0 |          0 |
|         nodeOut_a_q                                |                                 Queue1_TLBundleA_a32d128s5k4z3c |          4 |          4 |       0 |    0 |    188 |      0 |      0 |          0 |
|       cork                                         |                                                     TLCacheCork |         92 |         76 |      16 |    0 |     32 |      0 |      0 |          0 |
|         (cork)                                     |                                                     TLCacheCork |          6 |          6 |       0 |    0 |     14 |      0 |      0 |          0 |
|         pool                                       |                                                          IDPool |         31 |         31 |       0 |    0 |     12 |      0 |      0 |          0 |
|         q                                          |                             Queue2_TLBundleD_a32d128s4k3z3c_332 |         39 |         31 |       8 |    0 |      3 |      0 |      0 |          0 |
|           (q)                                      |                             Queue2_TLBundleD_a32d128s4k3z3c_332 |          9 |          9 |       0 |    0 |      3 |      0 |      0 |          0 |
|           ram_ext                                  |                                                   ram_2x145_335 |         30 |         22 |       8 |    0 |      0 |      0 |      0 |          0 |
|         q_1                                        |                             Queue2_TLBundleD_a32d128s4k3z3c_333 |         16 |          8 |       8 |    0 |      3 |      0 |      0 |          0 |
|           (q_1)                                    |                             Queue2_TLBundleD_a32d128s4k3z3c_333 |          7 |          7 |       0 |    0 |      3 |      0 |      0 |          0 |
|           ram_ext                                  |                                                   ram_2x145_334 |          9 |          1 |       8 |    0 |      0 |      0 |      0 |          0 |
|       l2                                           |                                                  InclusiveCache |      14488 |       9318 |    5170 |    0 |   4848 |    128 |      0 |          0 |
|         ctrls                                      |                                           InclusiveCacheControl |         28 |         28 |       0 |    0 |     90 |      0 |      0 |          0 |
|           (ctrls)                                  |                                           InclusiveCacheControl |         17 |         17 |       0 |    0 |     61 |      0 |      0 |          0 |
|           out_back_front_q                         |                                     Queue1_RegMapperInput_i9_m8 |         11 |         11 |       0 |    0 |     29 |      0 |      0 |          0 |
|         inclusive_cache_bank_sched                 |                                     InclusiveCacheBankScheduler |      14460 |       9290 |    5170 |    0 |   4758 |    128 |      0 |          0 |
|           (inclusive_cache_bank_sched)             |                                     InclusiveCacheBankScheduler |          0 |          0 |       0 |    0 |    872 |      0 |      0 |          0 |
|           bankedStore                              |                                                     BankedStore |        512 |        512 |       0 |    0 |     32 |    128 |      0 |          0 |
|             (bankedStore)                          |                                                     BankedStore |          0 |          0 |       0 |    0 |     32 |      0 |      0 |          0 |
|             cc_banks_0_ext                         |                                                cc_banks_8192x64 |          0 |          0 |       0 |    0 |      0 |     16 |      0 |          0 |
|             cc_banks_1_ext                         |                                            cc_banks_8192x64_325 |          0 |          0 |       0 |    0 |      0 |     16 |      0 |          0 |
|             cc_banks_2_ext                         |                                            cc_banks_8192x64_326 |          0 |          0 |       0 |    0 |      0 |     16 |      0 |          0 |
|             cc_banks_3_ext                         |                                            cc_banks_8192x64_327 |          0 |          0 |       0 |    0 |      0 |     16 |      0 |          0 |
|             cc_banks_4_ext                         |                                            cc_banks_8192x64_328 |        128 |        128 |       0 |    0 |      0 |     16 |      0 |          0 |
|             cc_banks_5_ext                         |                                            cc_banks_8192x64_329 |        128 |        128 |       0 |    0 |      0 |     16 |      0 |          0 |
|             cc_banks_6_ext                         |                                            cc_banks_8192x64_330 |        128 |        128 |       0 |    0 |      0 |     16 |      0 |          0 |
|             cc_banks_7_ext                         |                                            cc_banks_8192x64_331 |        128 |        128 |       0 |    0 |      0 |     16 |      0 |          0 |
|           directory                                |                                                       Directory |       5136 |        784 |    4352 |    0 |    273 |      0 |      0 |          0 |
|             (directory)                            |                                                       Directory |          8 |          8 |       0 |    0 |     35 |      0 |      0 |          0 |
|             cc_dir_ext                             |                                                 cc_dir_1024x136 |       4774 |        422 |    4352 |    0 |    191 |      0 |      0 |          0 |
|             victimLFSR_prng                        |                                      MaxPeriodFibonacciLFSR_324 |         70 |         70 |       0 |    0 |     16 |      0 |      0 |          0 |
|             write_q                                |                                           Queue1_DirectoryWrite |        284 |        284 |       0 |    0 |     31 |      0 |      0 |          0 |
|           mshrs_0                                  |                                                            MSHR |        282 |        282 |       0 |    0 |    102 |      0 |      0 |          0 |
|           mshrs_1                                  |                                                        MSHR_310 |        148 |        148 |       0 |    0 |    102 |      0 |      0 |          0 |
|           mshrs_10                                 |                                                        MSHR_311 |        248 |        248 |       0 |    0 |    101 |      0 |      0 |          0 |
|           mshrs_11                                 |                                                        MSHR_312 |        457 |        457 |       0 |    0 |    100 |      0 |      0 |          0 |
|           mshrs_2                                  |                                                        MSHR_313 |        123 |        123 |       0 |    0 |    102 |      0 |      0 |          0 |
|           mshrs_3                                  |                                                        MSHR_314 |        129 |        129 |       0 |    0 |    102 |      0 |      0 |          0 |
|           mshrs_4                                  |                                                        MSHR_315 |        216 |        216 |       0 |    0 |    102 |      0 |      0 |          0 |
|           mshrs_5                                  |                                                        MSHR_316 |        163 |        163 |       0 |    0 |    102 |      0 |      0 |          0 |
|           mshrs_6                                  |                                                        MSHR_317 |        130 |        130 |       0 |    0 |    102 |      0 |      0 |          0 |
|           mshrs_7                                  |                                                        MSHR_318 |        124 |        124 |       0 |    0 |    102 |      0 |      0 |          0 |
|           mshrs_8                                  |                                                        MSHR_319 |        142 |        142 |       0 |    0 |    102 |      0 |      0 |          0 |
|           mshrs_9                                  |                                                        MSHR_320 |        113 |        113 |       0 |    0 |    102 |      0 |      0 |          0 |
|           requests                                 |                                ListBuffer_QueuedRequest_q36_e28 |        927 |        871 |      56 |    0 |    267 |      0 |      0 |          0 |
|             (requests)                             |                                ListBuffer_QueuedRequest_q36_e28 |         41 |         41 |       0 |    0 |     87 |      0 |      0 |          0 |
|             data_ext                               |                                                      data_28x44 |         61 |         29 |      32 |    0 |      0 |      0 |      0 |          0 |
|             head_ext                               |                                                       head_36x5 |        198 |        198 |       0 |    0 |    180 |      0 |      0 |          0 |
|             next_ext                               |                                                       next_28x5 |          4 |          0 |       4 |    0 |      0 |      0 |      0 |          0 |
|             tail_ext                               |                                                       tail_36x5 |        623 |        603 |      20 |    0 |      0 |      0 |      0 |          0 |
|           sinkA                                    |                                                           SinkA |        830 |        606 |     224 |    0 |    368 |      0 |      0 |          0 |
|             (sinkA)                                |                                                           SinkA |          0 |          0 |       0 |    0 |     48 |      0 |      0 |          0 |
|             putbuffer                              |                              ListBuffer_PutBufferAEntry_q40_e40 |        830 |        606 |     224 |    0 |    320 |      0 |      0 |          0 |
|               (putbuffer)                          |                              ListBuffer_PutBufferAEntry_q40_e40 |         92 |         92 |       0 |    0 |     80 |      0 |      0 |          0 |
|               data_ext                             |                                                     data_40x145 |        282 |         90 |     192 |    0 |      0 |      0 |      0 |          0 |
|               head_ext                             |                                                       head_40x6 |        325 |        325 |       0 |    0 |    240 |      0 |      0 |          0 |
|               next_ext                             |                                                       next_40x6 |         20 |         12 |       8 |    0 |      0 |      0 |      0 |          0 |
|               tail_ext                             |                                                       tail_40x6 |        111 |         87 |      24 |    0 |      0 |      0 |      0 |          0 |
|           sinkC                                    |                                                           SinkC |       1705 |       1495 |     210 |    0 |    222 |      0 |      0 |          0 |
|             (sinkC)                                |                                                           SinkC |          1 |          1 |       0 |    0 |    146 |      0 |      0 |          0 |
|             c_q                                    |                                 Queue2_TLBundleC_a32d128s5k4z3c |        246 |        134 |     112 |    0 |      3 |      0 |      0 |          0 |
|               (c_q)                                |                                 Queue2_TLBundleC_a32d128s5k4z3c |          2 |          2 |       0 |    0 |      3 |      0 |      0 |          0 |
|               ram_ext                              |                                                       ram_2x175 |        244 |        132 |     112 |    0 |      0 |      0 |      0 |          0 |
|             io_bs_adr_q                            |                                  Queue1_BankedStoreInnerAddress |        520 |        520 |       0 |    0 |     17 |      0 |      0 |          0 |
|             putbuffer                              |                                ListBuffer_PutBufferCEntry_q2_e8 |        138 |         40 |      98 |    0 |     16 |      0 |      0 |          0 |
|               (putbuffer)                          |                                ListBuffer_PutBufferCEntry_q2_e8 |          2 |          2 |       0 |    0 |     10 |      0 |      0 |          0 |
|               data_ext                             |                                                      data_8x129 |         94 |          6 |      88 |    0 |      0 |      0 |      0 |          0 |
|               head_ext                             |                                                        head_2x3 |         31 |         31 |       0 |    0 |      6 |      0 |      0 |          0 |
|               next_ext                             |                                                     mem_8x3_323 |          5 |          1 |       4 |    0 |      0 |      0 |      0 |          0 |
|               tail_ext                             |                                                        tail_2x3 |          6 |          0 |       6 |    0 |      0 |      0 |      0 |          0 |
|             req_q_q                                |                                              Queue1_FullRequest |        800 |        800 |       0 |    0 |     40 |      0 |      0 |          0 |
|           sinkD                                    |                                                           SinkD |        277 |        181 |      96 |    0 |     11 |      0 |      0 |          0 |
|             (sinkD)                                |                                                           SinkD |          1 |          1 |       0 |    0 |      8 |      0 |      0 |          0 |
|             d_q                                    |                                 Queue2_TLBundleD_a32d128s4k3z3c |        276 |        180 |      96 |    0 |      3 |      0 |      0 |          0 |
|               (d_q)                                |                                 Queue2_TLBundleD_a32d128s4k3z3c |          2 |          2 |       0 |    0 |      3 |      0 |      0 |          0 |
|               ram_ext                              |                                                   ram_2x145_322 |        274 |        178 |      96 |    0 |      0 |      0 |      0 |          0 |
|           sinkX                                    |                                                           SinkX |         98 |         98 |       0 |    0 |     25 |      0 |      0 |          0 |
|             x_q                                    |                                             Queue1_SinkXRequest |         98 |         98 |       0 |    0 |     25 |      0 |      0 |          0 |
|           sourceA                                  |                                                         SourceA |         43 |         15 |      28 |    0 |      3 |      0 |      0 |          0 |
|             io_a_q                                 |                                 Queue2_TLBundleA_a32d128s4k3z3c |         43 |         15 |      28 |    0 |      3 |      0 |      0 |          0 |
|               (io_a_q)                             |                                 Queue2_TLBundleA_a32d128s4k3z3c |          3 |          3 |       0 |    0 |      3 |      0 |      0 |          0 |
|               ram_ext                              |                                                   ram_2x190_321 |         40 |         12 |      28 |    0 |      0 |      0 |      0 |          0 |
|           sourceB                                  |                                                         SourceB |         20 |         20 |       0 |    0 |     26 |      0 |      0 |          0 |
|           sourceC                                  |                                                         SourceC |        652 |        540 |     112 |    0 |    147 |      0 |      0 |          0 |
|             (sourceC)                              |                                                         SourceC |          2 |          2 |       0 |    0 |    105 |      0 |      0 |          0 |
|             queue                                  |                                 Queue8_TLBundleC_a32d128s4k3z3c |        484 |        372 |     112 |    0 |      7 |      0 |      0 |          0 |
|               (queue)                              |                                 Queue8_TLBundleC_a32d128s4k3z3c |          9 |          9 |       0 |    0 |      7 |      0 |      0 |          0 |
|               ram_ext                              |                                                       ram_8x174 |        475 |        363 |     112 |    0 |      0 |      0 |      0 |          0 |
|             req_q_q                                |                                           Queue1_SourceCRequest |        166 |        166 |       0 |    0 |     35 |      0 |      0 |          0 |
|           sourceD                                  |                                                         SourceD |       1972 |       1884 |      88 |    0 |   1287 |      0 |      0 |          0 |
|             (sourceD)                              |                                                         SourceD |       1491 |       1491 |       0 |    0 |   1282 |      0 |      0 |          0 |
|             queue                                  |                                  Queue3_BankedStoreInnerDecoded |        481 |        393 |      88 |    0 |      5 |      0 |      0 |          0 |
|               (queue)                              |                                  Queue3_BankedStoreInnerDecoded |          4 |          4 |       0 |    0 |      5 |      0 |      0 |          0 |
|               ram_data_ext                         |                                                  ram_data_3x128 |        477 |        389 |      88 |    0 |      0 |      0 |      0 |          0 |
|           sourceE                                  |                                                         SourceE |         13 |          9 |       4 |    0 |      3 |      0 |      0 |          0 |
|             io_e_q                                 |                                 Queue2_TLBundleE_a32d128s4k3z3c |         13 |          9 |       4 |    0 |      3 |      0 |      0 |          0 |
|               (io_e_q)                             |                                 Queue2_TLBundleE_a32d128s4k3z3c |          4 |          4 |       0 |    0 |      3 |      0 |      0 |          0 |
|               ram_sink_ext                         |                                                    ram_sink_2x3 |          9 |          5 |       4 |    0 |      0 |      0 |      0 |          0 |
|           sourceX                                  |                                                         SourceX |          0 |          0 |       0 |    0 |      1 |      0 |      0 |          0 |
|             io_x_q                                 |                                           Queue1_SourceXRequest |          0 |          0 |       0 |    0 |      1 |      0 |      0 |          0 |
|       l2_ctrl_xing                                 |                                                TLL2CtrlCrossing |         70 |         70 |       0 |    0 |    136 |      0 |      0 |          0 |
|         buffer                                     |                                          TLBuffer_a26d64s9k1z2u |         40 |         40 |       0 |    0 |    106 |      0 |      0 |          0 |
|           nodeIn_d_q                               |                                  Queue1_TLBundleD_a26d64s9k1z2u |          9 |          9 |       0 |    0 |     13 |      0 |      0 |          0 |
|           nodeOut_a_q                              |                                  Queue1_TLBundleA_a26d64s9k1z2u |         31 |         31 |       0 |    0 |     93 |      0 |      0 |          0 |
|         fragmenter                                 |                                            TLFragmenter_LLCCtrl |         30 |         30 |       0 |    0 |     30 |      0 |      0 |          0 |
|           (fragmenter)                             |                                            TLFragmenter_LLCCtrl |         12 |         12 |       0 |    0 |      9 |      0 |      0 |          0 |
|           repeater                                 |                                Repeater_TLBundleA_a26d64s5k1z3u |         18 |         18 |       0 |    0 |     21 |      0 |      0 |          0 |
|     ibus_intsink                                   |                                   IntSyncAsyncCrossingSink_n1x1 |          2 |          1 |       0 |    1 |      1 |      0 |      0 |          0 |
|       chain                                        |                                      SynchronizerShiftReg_w1_d3 |          2 |          1 |       0 |    1 |      1 |      0 |      0 |          0 |
|         output_chain                               |                    NonSyncResetSynchronizerPrimitiveShiftReg_d3 |          2 |          1 |       0 |    1 |      1 |      0 |      0 |          0 |
|     ibus_intsource                                 |                                      IntSyncCrossingSource_n1x1 |          0 |          0 |       0 |    0 |      1 |      0 |      0 |          0 |
|       reg_0__0                                     |                                      AsyncResetRegVec_w1_i0_309 |          0 |          0 |       0 |    0 |      1 |      0 |      0 |          0 |
|     mbus                                           |                                                       MemoryBus |       1138 |        650 |     488 |    0 |    665 |     16 |      0 |          0 |
|       coupler_to_memory_controller_port_named_axi4 | TLInterconnectCoupler_mbus_to_memory_controller_port_named_axi4 |        355 |        291 |      64 |    0 |    475 |      0 |      0 |          0 |
|         axi4yank                                   |                                                AXI4UserYanker_1 |        198 |        134 |      64 |    0 |    264 |      0 |      0 |          0 |
|           Queue1_BundleMap                         |                                                Queue1_BundleMap |          0 |          0 |       0 |    0 |     10 |      0 |      0 |          0 |
|           Queue1_BundleMap_1                       |                                            Queue1_BundleMap_272 |          0 |          0 |       0 |    0 |     10 |      0 |      0 |          0 |
|           Queue1_BundleMap_10                      |                                            Queue1_BundleMap_273 |          0 |          0 |       0 |    0 |     10 |      0 |      0 |          0 |
|           Queue1_BundleMap_11                      |                                            Queue1_BundleMap_274 |         10 |         10 |       0 |    0 |     10 |      0 |      0 |          0 |
|           Queue1_BundleMap_12                      |                                            Queue1_BundleMap_275 |          0 |          0 |       0 |    0 |     10 |      0 |      0 |          0 |
|           Queue1_BundleMap_13                      |                                            Queue1_BundleMap_276 |          0 |          0 |       0 |    0 |     10 |      0 |      0 |          0 |
|           Queue1_BundleMap_14                      |                                            Queue1_BundleMap_277 |          0 |          0 |       0 |    0 |     10 |      0 |      0 |          0 |
|           Queue1_BundleMap_15                      |                                            Queue1_BundleMap_278 |         10 |         10 |       0 |    0 |     10 |      0 |      0 |          0 |
|           Queue1_BundleMap_16                      |                                            Queue1_BundleMap_279 |          0 |          0 |       0 |    0 |     10 |      0 |      0 |          0 |
|           Queue1_BundleMap_17                      |                                            Queue1_BundleMap_280 |          0 |          0 |       0 |    0 |     10 |      0 |      0 |          0 |
|           Queue1_BundleMap_18                      |                                            Queue1_BundleMap_281 |          0 |          0 |       0 |    0 |     10 |      0 |      0 |          0 |
|           Queue1_BundleMap_19                      |                                            Queue1_BundleMap_282 |         10 |         10 |       0 |    0 |     10 |      0 |      0 |          0 |
|           Queue1_BundleMap_2                       |                                            Queue1_BundleMap_283 |          0 |          0 |       0 |    0 |     10 |      0 |      0 |          0 |
|           Queue1_BundleMap_20                      |                                            Queue1_BundleMap_284 |          0 |          0 |       0 |    0 |     10 |      0 |      0 |          0 |
|           Queue1_BundleMap_21                      |                                            Queue1_BundleMap_285 |          0 |          0 |       0 |    0 |     10 |      0 |      0 |          0 |
|           Queue1_BundleMap_22                      |                                            Queue1_BundleMap_286 |          0 |          0 |       0 |    0 |     10 |      0 |      0 |          0 |
|           Queue1_BundleMap_23                      |                                            Queue1_BundleMap_287 |         10 |         10 |       0 |    0 |     10 |      0 |      0 |          0 |
|           Queue1_BundleMap_3                       |                                            Queue1_BundleMap_288 |         10 |         10 |       0 |    0 |     10 |      0 |      0 |          0 |
|           Queue1_BundleMap_4                       |                                            Queue1_BundleMap_289 |          0 |          0 |       0 |    0 |     10 |      0 |      0 |          0 |
|           Queue1_BundleMap_5                       |                                            Queue1_BundleMap_290 |          0 |          0 |       0 |    0 |     10 |      0 |      0 |          0 |
|           Queue1_BundleMap_6                       |                                            Queue1_BundleMap_291 |          0 |          0 |       0 |    0 |     10 |      0 |      0 |          0 |
|           Queue1_BundleMap_7                       |                                            Queue1_BundleMap_292 |         18 |         18 |       0 |    0 |     10 |      0 |      0 |          0 |
|           Queue1_BundleMap_8                       |                                            Queue1_BundleMap_293 |          0 |          0 |       0 |    0 |     10 |      0 |      0 |          0 |
|           Queue1_BundleMap_9                       |                                            Queue1_BundleMap_294 |          0 |          0 |       0 |    0 |     10 |      0 |      0 |          0 |
|           Queue2_BundleMap                         |                                                Queue2_BundleMap |         13 |          5 |       8 |    0 |      3 |      0 |      0 |          0 |
|             (Queue2_BundleMap)                     |                                                Queue2_BundleMap |          4 |          4 |       0 |    0 |      3 |      0 |      0 |          0 |
|             ram_ext                                |                                                    ram_2x10_308 |          9 |          1 |       8 |    0 |      0 |      0 |      0 |          0 |
|           Queue2_BundleMap_1                       |                                            Queue2_BundleMap_295 |         13 |          5 |       8 |    0 |      3 |      0 |      0 |          0 |
|             (Queue2_BundleMap_1)                   |                                            Queue2_BundleMap_295 |          4 |          4 |       0 |    0 |      3 |      0 |      0 |          0 |
|             ram_ext                                |                                                    ram_2x10_307 |          9 |          1 |       8 |    0 |      0 |      0 |      0 |          0 |
|           Queue2_BundleMap_2                       |                                            Queue2_BundleMap_296 |         13 |          5 |       8 |    0 |      3 |      0 |      0 |          0 |
|             (Queue2_BundleMap_2)                   |                                            Queue2_BundleMap_296 |          4 |          4 |       0 |    0 |      3 |      0 |      0 |          0 |
|             ram_ext                                |                                                    ram_2x10_306 |          9 |          1 |       8 |    0 |      0 |      0 |      0 |          0 |
|           Queue2_BundleMap_3                       |                                            Queue2_BundleMap_297 |         28 |         20 |       8 |    0 |      3 |      0 |      0 |          0 |
|             (Queue2_BundleMap_3)                   |                                            Queue2_BundleMap_297 |          5 |          5 |       0 |    0 |      3 |      0 |      0 |          0 |
|             ram_ext                                |                                                    ram_2x10_305 |         23 |         15 |       8 |    0 |      0 |      0 |      0 |          0 |
|           Queue2_BundleMap_4                       |                                            Queue2_BundleMap_298 |         13 |          5 |       8 |    0 |      3 |      0 |      0 |          0 |
|             (Queue2_BundleMap_4)                   |                                            Queue2_BundleMap_298 |          4 |          4 |       0 |    0 |      3 |      0 |      0 |          0 |
|             ram_ext                                |                                                    ram_2x10_304 |          9 |          1 |       8 |    0 |      0 |      0 |      0 |          0 |
|           Queue2_BundleMap_5                       |                                            Queue2_BundleMap_299 |         13 |          5 |       8 |    0 |      3 |      0 |      0 |          0 |
|             (Queue2_BundleMap_5)                   |                                            Queue2_BundleMap_299 |          4 |          4 |       0 |    0 |      3 |      0 |      0 |          0 |
|             ram_ext                                |                                                    ram_2x10_303 |          9 |          1 |       8 |    0 |      0 |      0 |      0 |          0 |
|           Queue2_BundleMap_6                       |                                            Queue2_BundleMap_300 |         13 |          5 |       8 |    0 |      3 |      0 |      0 |          0 |
|             (Queue2_BundleMap_6)                   |                                            Queue2_BundleMap_300 |          4 |          4 |       0 |    0 |      3 |      0 |      0 |          0 |
|             ram_ext                                |                                                    ram_2x10_302 |          9 |          1 |       8 |    0 |      0 |      0 |      0 |          0 |
|           Queue2_BundleMap_7                       |                                            Queue2_BundleMap_301 |         24 |         16 |       8 |    0 |      3 |      0 |      0 |          0 |
|             (Queue2_BundleMap_7)                   |                                            Queue2_BundleMap_301 |          6 |          6 |       0 |    0 |      3 |      0 |      0 |          0 |
|             ram_ext                                |                                                        ram_2x10 |         18 |         10 |       8 |    0 |      0 |      0 |      0 |          0 |
|         tl2axi4                                    |                                                      TLToAXI4_1 |        157 |        157 |       0 |    0 |    211 |      0 |      0 |          0 |
|           (tl2axi4)                                |                                                      TLToAXI4_1 |         66 |         66 |       0 |    0 |     29 |      0 |      0 |          0 |
|           nodeOut_w_deq_q                          |                                            Queue1_AXI4BundleW_1 |          3 |          3 |       0 |    0 |    136 |      0 |      0 |          0 |
|           queue_arw_deq_q                          |                                          Queue1_AXI4BundleARW_1 |         88 |         88 |       0 |    0 |     46 |      0 |      0 |          0 |
|       coupler_to_pebblescratchpad                  |                  TLInterconnectCoupler_mbus_to_pebblescratchpad |        497 |         73 |     424 |    0 |     43 |      0 |      0 |          0 |
|         buffer                                     |                                         TLBuffer_a28d128s5k1z3u |        223 |         11 |     212 |    0 |      6 |      0 |      0 |          0 |
|           nodeIn_d_q                               |                             Queue2_TLBundleD_a28d128s5k1z3u_268 |        101 |          5 |      96 |    0 |      3 |      0 |      0 |          0 |
|             (nodeIn_d_q)                           |                             Queue2_TLBundleD_a28d128s5k1z3u_268 |          3 |          3 |       0 |    0 |      3 |      0 |      0 |          0 |
|             ram_ext                                |                                                   ram_2x144_271 |         98 |          2 |      96 |    0 |      0 |      0 |      0 |          0 |
|           nodeOut_a_q                              |                             Queue2_TLBundleA_a28d128s5k1z3u_269 |        122 |          6 |     116 |    0 |      3 |      0 |      0 |          0 |
|             (nodeOut_a_q)                          |                             Queue2_TLBundleA_a28d128s5k1z3u_269 |          3 |          3 |       0 |    0 |      3 |      0 |      0 |          0 |
|             ram_ext                                |                                                   ram_2x187_270 |        119 |          3 |     116 |    0 |      0 |      0 |      0 |          0 |
|         buffer_1                                   |                                       TLBuffer_a28d128s5k1z3u_1 |        230 |         18 |     212 |    0 |      6 |      0 |      0 |          0 |
|           nodeIn_d_q                               |                                 Queue2_TLBundleD_a28d128s5k1z3u |        108 |         12 |      96 |    0 |      3 |      0 |      0 |          0 |
|             (nodeIn_d_q)                           |                                 Queue2_TLBundleD_a28d128s5k1z3u |          6 |          6 |       0 |    0 |      3 |      0 |      0 |          0 |
|             ram_ext                                |                                                       ram_2x144 |        102 |          6 |      96 |    0 |      0 |      0 |      0 |          0 |
|           nodeOut_a_q                              |                                 Queue2_TLBundleA_a28d128s5k1z3u |        122 |          6 |     116 |    0 |      3 |      0 |      0 |          0 |
|             (nodeOut_a_q)                          |                                 Queue2_TLBundleA_a28d128s5k1z3u |          5 |          5 |       0 |    0 |      3 |      0 |      0 |          0 |
|             ram_ext                                |                                                       ram_2x187 |        117 |          1 |     116 |    0 |      0 |      0 |      0 |          0 |
|         fragmenter                                 |                                                    TLFragmenter |         44 |         44 |       0 |    0 |     31 |      0 |      0 |          0 |
|           (fragmenter)                             |                                                    TLFragmenter |          5 |          5 |       0 |    0 |      7 |      0 |      0 |          0 |
|           repeater                                 |                               Repeater_TLBundleA_a28d128s5k1z3u |         39 |         39 |       0 |    0 |     24 |      0 |      0 |          0 |
|       mbus_xbar                                    |                                TLXbar_mbus_i1_o2_a32d128s5k1z3u |        148 |        148 |       0 |    0 |      6 |      0 |      0 |          0 |
|       scratchpad                                   |                                                           TLRAM |        138 |        138 |       0 |    0 |    141 |     16 |      0 |          0 |
|         (scratchpad)                               |                                                           TLRAM |         10 |         10 |       0 |    0 |    141 |      0 |      0 |          0 |
|         mem_ext                                    |                                                    mem_4096x128 |        128 |        128 |       0 |    0 |      0 |     16 |      0 |          0 |
|     plic_domain                                    |                                             PLICClockSinkDomain |         41 |         41 |       0 |    0 |     54 |      0 |      0 |          0 |
|       intsource                                    |                                  IntSyncCrossingSource_n1x1_265 |          0 |          0 |       0 |    0 |      1 |      0 |      0 |          0 |
|         reg_0                                      |                                      AsyncResetRegVec_w1_i0_267 |          0 |          0 |       0 |    0 |      1 |      0 |      0 |          0 |
|       intsource_1                                  |                                  IntSyncCrossingSource_n1x1_266 |          0 |          0 |       0 |    0 |      1 |      0 |      0 |          0 |
|         reg_0                                      |                                          AsyncResetRegVec_w1_i0 |          0 |          0 |       0 |    0 |      1 |      0 |      0 |          0 |
|       plic                                         |                                                          TLPLIC |         41 |         41 |       0 |    0 |     52 |      0 |      0 |          0 |
|         (plic)                                     |                                                          TLPLIC |          4 |          4 |       0 |    0 |      8 |      0 |      0 |          0 |
|         gateways_gateway                           |                                                    LevelGateway |          0 |          0 |       0 |    0 |      1 |      0 |      0 |          0 |
|         out_back_front_q                           |                                    Queue1_RegMapperInput_i23_m8 |         37 |         37 |       0 |    0 |     43 |      0 |      0 |          0 |
|     sbus                                           |                                                       SystemBus |       1665 |       1665 |       0 |    0 |    713 |      0 |      0 |          0 |
|       coupler_to_bus_named_cbus                    |                    TLInterconnectCoupler_sbus_to_bus_named_cbus |        199 |        199 |       0 |    0 |    192 |      0 |      0 |          0 |
|         widget                                     |                                                 TLWidthWidget16 |        199 |        199 |       0 |    0 |    192 |      0 |      0 |          0 |
|           (widget)                                 |                                                 TLWidthWidget16 |          1 |          1 |       0 |    0 |     68 |      0 |      0 |          0 |
|           repeated_repeater                        |                               Repeater_TLBundleA_a28d128s5k1z4u |        198 |        198 |       0 |    0 |    124 |      0 |      0 |          0 |
|       coupler_to_port_named_mmio_port_axi4         |         TLInterconnectCoupler_sbus_to_port_named_mmio_port_axi4 |        608 |        608 |       0 |    0 |    457 |      0 |      0 |          0 |
|         axi4buf                                    |                                                      AXI4Buffer |         41 |         41 |       0 |    0 |     15 |      0 |      0 |          0 |
|           nodeIn_b_deq_q                           |                                              Queue2_AXI4BundleB |         15 |         15 |       0 |    0 |      3 |      0 |      0 |          0 |
|           nodeIn_r_deq_q                           |                                              Queue2_AXI4BundleR |         13 |         13 |       0 |    0 |      3 |      0 |      0 |          0 |
|           nodeOut_ar_deq_q                         |                                             Queue2_AXI4BundleAR |          4 |          4 |       0 |    0 |      3 |      0 |      0 |          0 |
|           nodeOut_aw_deq_q                         |                                             Queue2_AXI4BundleAW |          6 |          6 |       0 |    0 |      3 |      0 |      0 |          0 |
|           nodeOut_w_deq_q                          |                                              Queue2_AXI4BundleW |          3 |          3 |       0 |    0 |      3 |      0 |      0 |          0 |
|         axi4deint                                  |                                               AXI4Deinterleaver |         87 |         87 |       0 |    0 |     47 |      0 |      0 |          0 |
|           (axi4deint)                              |                                               AXI4Deinterleaver |         31 |         31 |       0 |    0 |     19 |      0 |      0 |          0 |
|           qs_queue_0                               |                                              Queue8_AXI4BundleR |          6 |          6 |       0 |    0 |      7 |      0 |      0 |          0 |
|           qs_queue_1                               |                                          Queue8_AXI4BundleR_262 |         35 |         35 |       0 |    0 |      7 |      0 |      0 |          0 |
|           qs_queue_2                               |                                          Queue8_AXI4BundleR_263 |          8 |          8 |       0 |    0 |      7 |      0 |      0 |          0 |
|           qs_queue_3                               |                                          Queue8_AXI4BundleR_264 |          7 |          7 |       0 |    0 |      7 |      0 |      0 |          0 |
|         axi4yank                                   |                                                  AXI4UserYanker |         84 |         84 |       0 |    0 |     52 |      0 |      0 |          0 |
|           Queue4_BundleMap                         |                                                Queue4_BundleMap |          9 |          9 |       0 |    0 |      5 |      0 |      0 |          0 |
|           Queue4_BundleMap_1                       |                                            Queue4_BundleMap_256 |          9 |          9 |       0 |    0 |      5 |      0 |      0 |          0 |
|           Queue5_BundleMap                         |                                                Queue5_BundleMap |         10 |         10 |       0 |    0 |      7 |      0 |      0 |          0 |
|           Queue5_BundleMap_1                       |                                            Queue5_BundleMap_257 |         10 |         10 |       0 |    0 |      7 |      0 |      0 |          0 |
|           Queue5_BundleMap_2                       |                                            Queue5_BundleMap_258 |         10 |         10 |       0 |    0 |      7 |      0 |      0 |          0 |
|           Queue5_BundleMap_3                       |                                            Queue5_BundleMap_259 |         10 |         10 |       0 |    0 |      7 |      0 |      0 |          0 |
|           Queue5_BundleMap_4                       |                                            Queue5_BundleMap_260 |         16 |         16 |       0 |    0 |      7 |      0 |      0 |          0 |
|           Queue5_BundleMap_5                       |                                            Queue5_BundleMap_261 |         10 |         10 |       0 |    0 |      7 |      0 |      0 |          0 |
|         tl2axi4                                    |                                                        TLToAXI4 |        177 |        177 |       0 |    0 |    154 |      0 |      0 |          0 |
|           (tl2axi4)                                |                                                        TLToAXI4 |         21 |         21 |       0 |    0 |     29 |      0 |      0 |          0 |
|           nodeOut_w_deq_q                          |                                              Queue1_AXI4BundleW |        103 |        103 |       0 |    0 |     74 |      0 |      0 |          0 |
|           queue_arw_deq_q                          |                                            Queue1_AXI4BundleARW |         53 |         53 |       0 |    0 |     51 |      0 |      0 |          0 |
|         widget                                     |                                               TLWidthWidget16_2 |        219 |        219 |       0 |    0 |    189 |      0 |      0 |          0 |
|           (widget)                                 |                                               TLWidthWidget16_2 |         69 |         69 |       0 |    0 |     68 |      0 |      0 |          0 |
|           repeated_repeater                        |                               Repeater_TLBundleA_a31d128s5k1z3u |        150 |        150 |       0 |    0 |    121 |      0 |      0 |          0 |
|       system_bus_xbar                              |                                TLXbar_sbus_i2_o3_a32d128s5k4z4c |        858 |        858 |       0 |    0 |     64 |      0 |      0 |          0 |
|     tile_prci_domain                               |                                                  TilePRCIDomain |     174695 |     157730 |   16940 |   25 | 106328 |      0 |      0 |         38 |
|       buffer                                       |                                       TLBuffer_a32d128s4k4z4u_2 |        901 |        309 |     592 |    0 |     21 |      0 |      0 |          0 |
|         nodeIn_b_q                                 |                                 Queue2_TLBundleB_a32d128s2k4z4c |         26 |          4 |      22 |    0 |      3 |      0 |      0 |          0 |
|           (nodeIn_b_q)                             |                                 Queue2_TLBundleB_a32d128s2k4z4c |          3 |          3 |       0 |    0 |      3 |      0 |      0 |          0 |
|           ram_ext                                  |                                                        ram_2x60 |         23 |          1 |      22 |    0 |      0 |      0 |      0 |          0 |
|         nodeIn_d_q                                 |                             Queue2_TLBundleD_a32d128s4k4z4u_252 |        181 |         81 |     100 |    0 |      3 |      0 |      0 |          0 |
|           (nodeIn_d_q)                             |                             Queue2_TLBundleD_a32d128s4k4z4u_252 |          3 |          3 |       0 |    0 |      3 |      0 |      0 |          0 |
|           ram_ext                                  |                                                   ram_2x147_255 |        178 |         78 |     100 |    0 |      0 |      0 |      0 |          0 |
|         nodeIn_d_q_1                               |                                 Queue2_TLBundleD_a32d128s2k4z4c |        229 |        131 |      98 |    0 |      3 |      0 |      0 |          0 |
|           (nodeIn_d_q_1)                           |                                 Queue2_TLBundleD_a32d128s2k4z4c |          2 |          2 |       0 |    0 |      3 |      0 |      0 |          0 |
|           ram_ext                                  |                                                       ram_2x145 |        227 |        129 |      98 |    0 |      0 |      0 |      0 |          0 |
|         nodeOut_a_q                                |                             Queue2_TLBundleA_a32d128s4k4z4u_253 |        159 |         31 |     128 |    0 |      3 |      0 |      0 |          0 |
|           (nodeOut_a_q)                            |                             Queue2_TLBundleA_a32d128s4k4z4u_253 |          2 |          2 |       0 |    0 |      3 |      0 |      0 |          0 |
|           ram_ext                                  |                                                   ram_2x191_254 |        157 |         29 |     128 |    0 |      0 |      0 |      0 |          0 |
|         nodeOut_a_q_1                              |                                 Queue2_TLBundleA_a32d128s2k4z4c |        174 |         46 |     128 |    0 |      3 |      0 |      0 |          0 |
|           (nodeOut_a_q_1)                          |                                 Queue2_TLBundleA_a32d128s2k4z4c |          4 |          4 |       0 |    0 |      3 |      0 |      0 |          0 |
|           ram_ext                                  |                                                       ram_2x189 |        170 |         42 |     128 |    0 |      0 |      0 |      0 |          0 |
|         nodeOut_c_q                                |                                 Queue2_TLBundleC_a32d128s2k4z4c |        116 |          4 |     112 |    0 |      3 |      0 |      0 |          0 |
|           (nodeOut_c_q)                            |                                 Queue2_TLBundleC_a32d128s2k4z4c |          3 |          3 |       0 |    0 |      3 |      0 |      0 |          0 |
|           ram_ext                                  |                                                       ram_2x173 |        113 |          1 |     112 |    0 |      0 |      0 |      0 |          0 |
|         nodeOut_e_q                                |                                 Queue2_TLBundleE_a32d128s2k4z4c |         16 |         12 |       4 |    0 |      3 |      0 |      0 |          0 |
|           (nodeOut_e_q)                            |                                 Queue2_TLBundleE_a32d128s2k4z4c |          3 |          3 |       0 |    0 |      3 |      0 |      0 |          0 |
|           ram_sink_ext                             |                                                         ram_2x4 |         13 |          9 |       4 |    0 |      0 |      0 |      0 |          0 |
|       element_reset_domain_bbtile                  |                                                          BBTile |     173794 |     157421 |   16348 |   25 | 106307 |      0 |      0 |         38 |
|         accelerators_0                             |                                            BuckyballAccelerator |     107722 |     100639 |    7058 |   25 |  25526 |      0 |      0 |         13 |
|           ballDomain                               |                                                      BallDomain |      27804 |      27163 |     616 |   25 |  18723 |      0 |      0 |          8 |
|             ballRs                                 |                                          BallReservationStation |        160 |         60 |     100 |    0 |      5 |      0 |      0 |          0 |
|               fifo                                 |                              Queue4_BallReservationStation_Anon |        160 |         60 |     100 |    0 |      5 |      0 |      0 |          0 |
|                 (fifo)                             |                              Queue4_BallReservationStation_Anon |          5 |          5 |       0 |    0 |      5 |      0 |      0 |          0 |
|                 ram_ext                            |                                                       ram_4x290 |        155 |         55 |     100 |    0 |      0 |      0 |      0 |          0 |
|             bbus                                   |                                                            BBus |      27644 |      27103 |     516 |   25 |  18718 |      0 |      0 |          8 |
|               (bbus)                               |                                                            BBus |          6 |          6 |       0 |    0 |     50 |      0 |      0 |          0 |
|               balls_0                              |                                                   TransposeBall |       4275 |       4275 |       0 |    0 |    496 |      0 |      0 |          0 |
|                 (balls_0)                          |                                                   TransposeBall |          2 |          2 |       0 |    0 |      0 |      0 |      0 |          0 |
|                 transposeUnit                      |                                                       Transpose |       4273 |       4273 |       0 |    0 |    496 |      0 |      0 |          0 |
|               balls_1                              |                                                     SMatMulBall |      13103 |      12759 |     344 |    0 |  12221 |      0 |      0 |          0 |
|                 (balls_1)                          |                                                     SMatMulBall |       1051 |       1051 |       0 |    0 |      0 |      0 |      0 |          0 |
|                 smatmulArrayUnit                   |                                                     SMatMulUnit |      12564 |      12220 |     344 |    0 |  12221 |      0 |      0 |          0 |
|                   (smatmulArrayUnit)               |                                                     SMatMulUnit |        177 |        177 |       0 |    0 |   4209 |      0 |      0 |          0 |
|                   accumulator_ext                  |                                              accumulator_32x512 |       1071 |        727 |     344 |    0 |      5 |      0 |      0 |          0 |
|                   array                            |                                                           Array |      11316 |      11316 |       0 |    0 |   8007 |      0 |      0 |          0 |
|                     (array)                        |                                                           Array |        521 |        521 |       0 |    0 |   1039 |      0 |      0 |          0 |
|                     pe_0_0                         |                                                              PE |        104 |        104 |       0 |    0 |     53 |      0 |      0 |          0 |
|                     pe_0_1                         |                                                          PE_125 |        107 |        107 |       0 |    0 |     55 |      0 |      0 |          0 |
|                     pe_0_10                        |                                                          PE_126 |        106 |        106 |       0 |    0 |     55 |      0 |      0 |          0 |
|                     pe_0_11                        |                                                          PE_127 |        107 |        107 |       0 |    0 |     55 |      0 |      0 |          0 |
|                     pe_0_12                        |                                                          PE_128 |        106 |        106 |       0 |    0 |     55 |      0 |      0 |          0 |
|                     pe_0_13                        |                                                          PE_129 |        107 |        107 |       0 |    0 |     55 |      0 |      0 |          0 |
|                     pe_0_14                        |                                                          PE_130 |        106 |        106 |       0 |    0 |     55 |      0 |      0 |          0 |
|                     pe_0_15                        |                                                          PE_131 |        107 |        107 |       0 |    0 |     55 |      0 |      0 |          0 |
|                     pe_0_2                         |                                                          PE_132 |        106 |        106 |       0 |    0 |     55 |      0 |      0 |          0 |
|                     pe_0_3                         |                                                          PE_133 |        106 |        106 |       0 |    0 |     55 |      0 |      0 |          0 |
|                     pe_0_4                         |                                                          PE_134 |        106 |        106 |       0 |    0 |     55 |      0 |      0 |          0 |
|                     pe_0_5                         |                                                          PE_135 |        106 |        106 |       0 |    0 |     55 |      0 |      0 |          0 |
|                     pe_0_6                         |                                                          PE_136 |        106 |        106 |       0 |    0 |     55 |      0 |      0 |          0 |
|                     pe_0_7                         |                                                          PE_137 |        107 |        107 |       0 |    0 |     55 |      0 |      0 |          0 |
|                     pe_0_8                         |                                                          PE_138 |        106 |        106 |       0 |    0 |     55 |      0 |      0 |          0 |
|                     pe_0_9                         |                                                          PE_139 |        107 |        107 |       0 |    0 |     55 |      0 |      0 |          0 |
|                     pe_1_0                         |                                                          PE_140 |         72 |         72 |       0 |    0 |     53 |      0 |      0 |          0 |
|                     pe_1_1                         |                                                          PE_141 |         72 |         72 |       0 |    0 |     53 |      0 |      0 |          0 |
|                     pe_1_10                        |                                                          PE_142 |         73 |         73 |       0 |    0 |     55 |      0 |      0 |          0 |
|                     pe_1_11                        |                                                          PE_143 |         73 |         73 |       0 |    0 |     55 |      0 |      0 |          0 |
|                     pe_1_12                        |                                                          PE_144 |         73 |         73 |       0 |    0 |     55 |      0 |      0 |          0 |
|                     pe_1_13                        |                                                          PE_145 |         73 |         73 |       0 |    0 |     55 |      0 |      0 |          0 |
|                     pe_1_14                        |                                                          PE_146 |         73 |         73 |       0 |    0 |     55 |      0 |      0 |          0 |
|                     pe_1_15                        |                                                          PE_147 |         73 |         73 |       0 |    0 |     55 |      0 |      0 |          0 |
|                     pe_1_2                         |                                                          PE_148 |         73 |         73 |       0 |    0 |     55 |      0 |      0 |          0 |
|                     pe_1_3                         |                                                          PE_149 |         73 |         73 |       0 |    0 |     55 |      0 |      0 |          0 |
|                     pe_1_4                         |                                                          PE_150 |         73 |         73 |       0 |    0 |     55 |      0 |      0 |          0 |
|                     pe_1_5                         |                                                          PE_151 |         73 |         73 |       0 |    0 |     55 |      0 |      0 |          0 |
|                     pe_1_6                         |                                                          PE_152 |         73 |         73 |       0 |    0 |     55 |      0 |      0 |          0 |
|                     pe_1_7                         |                                                          PE_153 |         73 |         73 |       0 |    0 |     55 |      0 |      0 |          0 |
|                     pe_1_8                         |                                                          PE_154 |         73 |         73 |       0 |    0 |     55 |      0 |      0 |          0 |
|                     pe_1_9                         |                                                          PE_155 |         73 |         73 |       0 |    0 |     55 |      0 |      0 |          0 |
|                     pe_2_0                         |                                                          PE_156 |         72 |         72 |       0 |    0 |     53 |      0 |      0 |          0 |
|                     pe_2_1                         |                                                          PE_157 |         72 |         72 |       0 |    0 |     53 |      0 |      0 |          0 |
|                     pe_2_10                        |                                                          PE_158 |         73 |         73 |       0 |    0 |     55 |      0 |      0 |          0 |
|                     pe_2_11                        |                                                          PE_159 |         73 |         73 |       0 |    0 |     55 |      0 |      0 |          0 |
|                     pe_2_12                        |                                                          PE_160 |         73 |         73 |       0 |    0 |     55 |      0 |      0 |          0 |
|                     pe_2_13                        |                                                          PE_161 |         73 |         73 |       0 |    0 |     55 |      0 |      0 |          0 |
|                     pe_2_14                        |                                                          PE_162 |         73 |         73 |       0 |    0 |     55 |      0 |      0 |          0 |
|                     pe_2_15                        |                                                          PE_163 |         73 |         73 |       0 |    0 |     55 |      0 |      0 |          0 |
|                     pe_2_2                         |                                                          PE_164 |         72 |         72 |       0 |    0 |     53 |      0 |      0 |          0 |
|                     pe_2_3                         |                                                          PE_165 |         73 |         73 |       0 |    0 |     55 |      0 |      0 |          0 |
|                     pe_2_4                         |                                                          PE_166 |         73 |         73 |       0 |    0 |     55 |      0 |      0 |          0 |
|                     pe_2_5                         |                                                          PE_167 |         73 |         73 |       0 |    0 |     55 |      0 |      0 |          0 |
|                     pe_2_6                         |                                                          PE_168 |         73 |         73 |       0 |    0 |     55 |      0 |      0 |          0 |
|                     pe_2_7                         |                                                          PE_169 |         73 |         73 |       0 |    0 |     55 |      0 |      0 |          0 |
|                     pe_2_8                         |                                                          PE_170 |         73 |         73 |       0 |    0 |     55 |      0 |      0 |          0 |
|                     pe_2_9                         |                                                          PE_171 |         73 |         73 |       0 |    0 |     55 |      0 |      0 |          0 |
|                     pe_3_0                         |                                                          PE_172 |        111 |        111 |       0 |    0 |     53 |      0 |      0 |          0 |
|                     pe_3_1                         |                                                          PE_173 |        111 |        111 |       0 |    0 |     53 |      0 |      0 |          0 |
|                     pe_3_10                        |                                                          PE_174 |        112 |        112 |       0 |    0 |     55 |      0 |      0 |          0 |
|                     pe_3_11                        |                                                          PE_175 |        112 |        112 |       0 |    0 |     55 |      0 |      0 |          0 |
|                     pe_3_12                        |                                                          PE_176 |        112 |        112 |       0 |    0 |     55 |      0 |      0 |          0 |
|                     pe_3_13                        |                                                          PE_177 |        112 |        112 |       0 |    0 |     55 |      0 |      0 |          0 |
|                     pe_3_14                        |                                                          PE_178 |        112 |        112 |       0 |    0 |     55 |      0 |      0 |          0 |
|                     pe_3_15                        |                                                          PE_179 |        112 |        112 |       0 |    0 |     55 |      0 |      0 |          0 |
|                     pe_3_2                         |                                                          PE_180 |        111 |        111 |       0 |    0 |     53 |      0 |      0 |          0 |
|                     pe_3_3                         |                                                          PE_181 |        111 |        111 |       0 |    0 |     53 |      0 |      0 |          0 |
|                     pe_3_4                         |                                                          PE_182 |        112 |        112 |       0 |    0 |     55 |      0 |      0 |          0 |
|                     pe_3_5                         |                                                          PE_183 |        112 |        112 |       0 |    0 |     55 |      0 |      0 |          0 |
|                     pe_3_6                         |                                                          PE_184 |        112 |        112 |       0 |    0 |     55 |      0 |      0 |          0 |
|                     pe_3_7                         |                                                          PE_185 |        112 |        112 |       0 |    0 |     55 |      0 |      0 |          0 |
|                     pe_3_8                         |                                                          PE_186 |        112 |        112 |       0 |    0 |     55 |      0 |      0 |          0 |
|                     pe_3_9                         |                                                          PE_187 |        112 |        112 |       0 |    0 |     55 |      0 |      0 |          0 |
|                     pe_4_0                         |                                                          PE_188 |         72 |         72 |       0 |    0 |     53 |      0 |      0 |          0 |
|                     pe_4_1                         |                                                          PE_189 |         72 |         72 |       0 |    0 |     53 |      0 |      0 |          0 |
|                     pe_4_10                        |                                                          PE_190 |         73 |         73 |       0 |    0 |     55 |      0 |      0 |          0 |
|                     pe_4_11                        |                                                          PE_191 |         73 |         73 |       0 |    0 |     55 |      0 |      0 |          0 |
|                     pe_4_12                        |                                                          PE_192 |         73 |         73 |       0 |    0 |     55 |      0 |      0 |          0 |
|                     pe_4_13                        |                                                          PE_193 |         73 |         73 |       0 |    0 |     55 |      0 |      0 |          0 |
|                     pe_4_14                        |                                                          PE_194 |         73 |         73 |       0 |    0 |     55 |      0 |      0 |          0 |
|                     pe_4_15                        |                                                          PE_195 |         73 |         73 |       0 |    0 |     55 |      0 |      0 |          0 |
|                     pe_4_2                         |                                                          PE_196 |         72 |         72 |       0 |    0 |     53 |      0 |      0 |          0 |
|                     pe_4_3                         |                                                          PE_197 |         72 |         72 |       0 |    0 |     53 |      0 |      0 |          0 |
|                     pe_4_4                         |                                                          PE_198 |         72 |         72 |       0 |    0 |     53 |      0 |      0 |          0 |
|                     pe_4_5                         |                                                          PE_199 |         73 |         73 |       0 |    0 |     55 |      0 |      0 |          0 |
|                     pe_4_6                         |                                                          PE_200 |         73 |         73 |       0 |    0 |     55 |      0 |      0 |          0 |
|                     pe_4_7                         |                                                          PE_201 |         73 |         73 |       0 |    0 |     55 |      0 |      0 |          0 |
|                     pe_4_8                         |                                                          PE_202 |         73 |         73 |       0 |    0 |     55 |      0 |      0 |          0 |
|                     pe_4_9                         |                                                          PE_203 |         73 |         73 |       0 |    0 |     55 |      0 |      0 |          0 |
|                     pe_5_0                         |                                                          PE_204 |         72 |         72 |       0 |    0 |     53 |      0 |      0 |          0 |
|                     pe_5_1                         |                                                          PE_205 |         72 |         72 |       0 |    0 |     53 |      0 |      0 |          0 |
|                     pe_5_10                        |                                                          PE_206 |         73 |         73 |       0 |    0 |     55 |      0 |      0 |          0 |
|                     pe_5_11                        |                                                          PE_207 |         73 |         73 |       0 |    0 |     55 |      0 |      0 |          0 |
|                     pe_5_12                        |                                                          PE_208 |         73 |         73 |       0 |    0 |     55 |      0 |      0 |          0 |
|                     pe_5_13                        |                                                          PE_209 |         73 |         73 |       0 |    0 |     55 |      0 |      0 |          0 |
|                     pe_5_14                        |                                                          PE_210 |         73 |         73 |       0 |    0 |     55 |      0 |      0 |          0 |
|                     pe_5_15                        |                                                          PE_211 |         73 |         73 |       0 |    0 |     55 |      0 |      0 |          0 |
|                     pe_5_2                         |                                                          PE_212 |         72 |         72 |       0 |    0 |     53 |      0 |      0 |          0 |
|                     pe_5_3                         |                                                          PE_213 |         72 |         72 |       0 |    0 |     53 |      0 |      0 |          0 |
|                     pe_5_4                         |                                                          PE_214 |         72 |         72 |       0 |    0 |     53 |      0 |      0 |          0 |
|                     pe_5_5                         |                                                          PE_215 |         72 |         72 |       0 |    0 |     53 |      0 |      0 |          0 |
|                     pe_5_6                         |                                                          PE_216 |         73 |         73 |       0 |    0 |     55 |      0 |      0 |          0 |
|                     pe_5_7                         |                                                          PE_217 |         73 |         73 |       0 |    0 |     55 |      0 |      0 |          0 |
|                     pe_5_8                         |                                                          PE_218 |         73 |         73 |       0 |    0 |     55 |      0 |      0 |          0 |
|                     pe_5_9                         |                                                          PE_219 |         73 |         73 |       0 |    0 |     55 |      0 |      0 |          0 |
|                     pe_6_0                         |                                                          PE_220 |         72 |         72 |       0 |    0 |     53 |      0 |      0 |          0 |
|                     pe_6_1                         |                                                          PE_221 |         72 |         72 |       0 |    0 |     53 |      0 |      0 |          0 |
|                     pe_6_10                        |                                                          PE_222 |         73 |         73 |       0 |    0 |     55 |      0 |      0 |          0 |
|                     pe_6_11                        |                                                          PE_223 |         73 |         73 |       0 |    0 |     55 |      0 |      0 |          0 |
|                     pe_6_12                        |                                                          PE_224 |         73 |         73 |       0 |    0 |     55 |      0 |      0 |          0 |
|                     pe_6_13                        |                                                          PE_225 |         73 |         73 |       0 |    0 |     55 |      0 |      0 |          0 |
|                     pe_6_14                        |                                                          PE_226 |         73 |         73 |       0 |    0 |     55 |      0 |      0 |          0 |
|                     pe_6_15                        |                                                          PE_227 |         73 |         73 |       0 |    0 |     55 |      0 |      0 |          0 |
|                     pe_6_2                         |                                                          PE_228 |         72 |         72 |       0 |    0 |     53 |      0 |      0 |          0 |
|                     pe_6_3                         |                                                          PE_229 |         72 |         72 |       0 |    0 |     53 |      0 |      0 |          0 |
|                     pe_6_4                         |                                                          PE_230 |         72 |         72 |       0 |    0 |     53 |      0 |      0 |          0 |
|                     pe_6_5                         |                                                          PE_231 |         72 |         72 |       0 |    0 |     53 |      0 |      0 |          0 |
|                     pe_6_6                         |                                                          PE_232 |         72 |         72 |       0 |    0 |     53 |      0 |      0 |          0 |
|                     pe_6_7                         |                                                          PE_233 |         73 |         73 |       0 |    0 |     55 |      0 |      0 |          0 |
|                     pe_6_8                         |                                                          PE_234 |         73 |         73 |       0 |    0 |     55 |      0 |      0 |          0 |
|                     pe_6_9                         |                                                          PE_235 |         73 |         73 |       0 |    0 |     55 |      0 |      0 |          0 |
|                     pe_7_0                         |                                                          PE_236 |         92 |         92 |       0 |    0 |     53 |      0 |      0 |          0 |
|                     pe_7_1                         |                                                          PE_237 |         92 |         92 |       0 |    0 |     53 |      0 |      0 |          0 |
|                     pe_7_10                        |                                                          PE_238 |         93 |         93 |       0 |    0 |     55 |      0 |      0 |          0 |
|                     pe_7_11                        |                                                          PE_239 |         93 |         93 |       0 |    0 |     55 |      0 |      0 |          0 |
|                     pe_7_12                        |                                                          PE_240 |         93 |         93 |       0 |    0 |     55 |      0 |      0 |          0 |
|                     pe_7_13                        |                                                          PE_241 |         93 |         93 |       0 |    0 |     55 |      0 |      0 |          0 |
|                     pe_7_14                        |                                                          PE_242 |         94 |         94 |       0 |    0 |     55 |      0 |      0 |          0 |
|                     pe_7_15                        |                                                          PE_243 |        102 |        102 |       0 |    0 |     55 |      0 |      0 |          0 |
|                     pe_7_2                         |                                                          PE_244 |         92 |         92 |       0 |    0 |     53 |      0 |      0 |          0 |
|                     pe_7_3                         |                                                          PE_245 |         92 |         92 |       0 |    0 |     53 |      0 |      0 |          0 |
|                     pe_7_4                         |                                                          PE_246 |         92 |         92 |       0 |    0 |     53 |      0 |      0 |          0 |
|                     pe_7_5                         |                                                          PE_247 |         92 |         92 |       0 |    0 |     53 |      0 |      0 |          0 |
|                     pe_7_6                         |                                                          PE_248 |         92 |         92 |       0 |    0 |     53 |      0 |      0 |          0 |
|                     pe_7_7                         |                                                          PE_249 |         92 |         92 |       0 |    0 |     53 |      0 |      0 |          0 |
|                     pe_7_8                         |                                                          PE_250 |         93 |         93 |       0 |    0 |     55 |      0 |      0 |          0 |
|                     pe_7_9                         |                                                          PE_251 |         93 |         93 |       0 |    0 |     55 |      0 |      0 |          0 |
|               balls_2                              |                                                      Im2colBall |        870 |        698 |     172 |    0 |    559 |      0 |      0 |          0 |
|                 (balls_2)                          |                                                      Im2colBall |          3 |          3 |       0 |    0 |      0 |      0 |      0 |          0 |
|                 im2colUnit                         |                                                          Im2col |        867 |        695 |     172 |    0 |    559 |      0 |      0 |          0 |
|                   (im2colUnit)                     |                                                          Im2col |          9 |          9 |       0 |    0 |     44 |      0 |      0 |          0 |
|                   cfg                              |                                                Im2colConfigRegs |        181 |        181 |       0 |    0 |     87 |      0 |      0 |          0 |
|                   div                              |                                                    RestoringDiv |         46 |         46 |       0 |    0 |     39 |      0 |      0 |          0 |
|                   lineBuf                          |                                               LineBufferManager |        322 |        150 |     172 |    0 |    169 |      0 |      0 |          0 |
|                     (lineBuf)                      |                                               LineBufferManager |        142 |        142 |       0 |    0 |    162 |      0 |      0 |          0 |
|                     bufLo_ext                      |                                                     buf_128x128 |        180 |          8 |     172 |    0 |      7 |      0 |      0 |          0 |
|                   win                              |                                                    Im2colWindow |        121 |        121 |       0 |    0 |     55 |      0 |      0 |          0 |
|                   writer                           |                                                    StreamWriter |        197 |        197 |       0 |    0 |    165 |      0 |      0 |          0 |
|               balls_3                              |                                                      ToInt8Ball |       3153 |       3153 |       0 |    0 |   1353 |      0 |      0 |          2 |
|                 (balls_3)                          |                                                      ToInt8Ball |       2439 |       2439 |       0 |    0 |   1227 |      0 |      0 |          0 |
|                 intToFloat                         |                                            INToRecFN_i32_e8_s24 |        184 |        184 |       0 |    0 |      0 |      0 |      0 |          0 |
|                   roundAnyRawFNToRecFN             |                          RoundAnyRawFNToRecFN_ie6_is32_oe8_os24 |        184 |        184 |       0 |    0 |      0 |      0 |      0 |          0 |
|                 multiply                           |                                   MulAddRecFNPipe_l3_e8_s24_120 |        530 |        530 |       0 |    0 |    126 |      0 |      0 |          2 |
|                   (multiply)                       |                                   MulAddRecFNPipe_l3_e8_s24_120 |        315 |        315 |       0 |    0 |    126 |      0 |      0 |          2 |
|                   mulAddRecFNToRaw_postMul         |                             MulAddRecFNToRaw_postMul_e8_s24_121 |         65 |         65 |       0 |    0 |      0 |      0 |      0 |          0 |
|                   mulAddRecFNToRaw_preMul          |                              MulAddRecFNToRaw_preMul_e8_s24_122 |          8 |          8 |       0 |    0 |      0 |      0 |      0 |          0 |
|                   roundRawFNToRecFN                |                                    RoundRawFNToRecFN_e8_s24_123 |        142 |        142 |       0 |    0 |      0 |      0 |      0 |          0 |
|                     roundAnyRawFNToRecFN           |                      RoundAnyRawFNToRecFN_ie8_is26_oe8_os24_124 |        142 |        142 |       0 |    0 |      0 |      0 |      0 |          0 |
|               balls_4                              |                                                      Int2FpBall |        689 |        689 |       0 |    0 |    939 |      0 |      0 |          0 |
|                 (balls_4)                          |                                                      Int2FpBall |          2 |          2 |       0 |    0 |      0 |      0 |      0 |          0 |
|                 unit                               |                                                          Int2Fp |        687 |        687 |       0 |    0 |    939 |      0 |      0 |          0 |
|                   (unit)                           |                                                          Int2Fp |         67 |         67 |       0 |    0 |    545 |      0 |      0 |          0 |
|                   multiplier                       |                                                         Fp32Mul |        620 |        620 |       0 |    0 |    394 |      0 |      0 |          0 |
|                     (multiplier)                   |                                                         Fp32Mul |        365 |        365 |       0 |    0 |     98 |      0 |      0 |          0 |
|                     umul                           |                                                     ShiftAddMul |        255 |        255 |       0 |    0 |    296 |      0 |      0 |          0 |
|               balls_5                              |                                                         LutBall |        152 |        152 |       0 |    0 |    322 |      0 |      0 |          0 |
|               balls_6                              |                                                     MaxPoolBall |        518 |        518 |       0 |    0 |    392 |      0 |      0 |          0 |
|               balls_7                              |                                                     Int8AddBall |       3692 |       3667 |       0 |   25 |   1356 |      0 |      0 |          4 |
|                 (balls_7)                          |                                                     Int8AddBall |       2012 |       2012 |       0 |    0 |    741 |      0 |      0 |          0 |
|                 add                                |                                               PipelinedAddRawFN |        514 |        489 |       0 |   25 |    320 |      0 |      0 |          0 |
|                 lhsMul                             |                                   MulAddRecFNPipe_l3_e8_s24_106 |        516 |        516 |       0 |    0 |    124 |      0 |      0 |          2 |
|                   (lhsMul)                         |                                   MulAddRecFNPipe_l3_e8_s24_106 |        339 |        339 |       0 |    0 |    124 |      0 |      0 |          2 |
|                   mulAddRecFNToRaw_postMul         |                             MulAddRecFNToRaw_postMul_e8_s24_116 |         65 |         65 |       0 |    0 |      0 |      0 |      0 |          0 |
|                   mulAddRecFNToRaw_preMul          |                              MulAddRecFNToRaw_preMul_e8_s24_117 |         33 |         33 |       0 |    0 |      0 |      0 |      0 |          0 |
|                   roundRawFNToRecFN                |                                    RoundRawFNToRecFN_e8_s24_118 |         79 |         79 |       0 |    0 |      0 |      0 |      0 |          0 |
|                     roundAnyRawFNToRecFN           |                      RoundAnyRawFNToRecFN_ie8_is26_oe8_os24_119 |         79 |         79 |       0 |    0 |      0 |      0 |      0 |          0 |
|                 lhsToFloat                         |                                            PipelinedINToRecFN_3 |         70 |         70 |       0 |    0 |     25 |      0 |      0 |          0 |
|                   (lhsToFloat)                     |                                            PipelinedINToRecFN_3 |         62 |         62 |       0 |    0 |     25 |      0 |      0 |          0 |
|                   roundAnyRawFNToRecFN             |                       RoundAnyRawFNToRecFN_ie4_is8_oe8_os24_115 |          8 |          8 |       0 |    0 |      0 |      0 |      0 |          0 |
|                 rhsMul                             |                                   MulAddRecFNPipe_l3_e8_s24_107 |        509 |        509 |       0 |    0 |    123 |      0 |      0 |          2 |
|                   (rhsMul)                         |                                   MulAddRecFNPipe_l3_e8_s24_107 |        340 |        340 |       0 |    0 |    123 |      0 |      0 |          2 |
|                   mulAddRecFNToRaw_postMul         |                             MulAddRecFNToRaw_postMul_e8_s24_111 |         65 |         65 |       0 |    0 |      0 |      0 |      0 |          0 |
|                   mulAddRecFNToRaw_preMul          |                              MulAddRecFNToRaw_preMul_e8_s24_112 |         33 |         33 |       0 |    0 |      0 |      0 |      0 |          0 |
|                   roundRawFNToRecFN                |                                    RoundRawFNToRecFN_e8_s24_113 |         71 |         71 |       0 |    0 |      0 |      0 |      0 |          0 |
|                     roundAnyRawFNToRecFN           |                      RoundAnyRawFNToRecFN_ie8_is26_oe8_os24_114 |         71 |         71 |       0 |    0 |      0 |      0 |      0 |          0 |
|                 rhsToFloat                         |                                        PipelinedINToRecFN_3_108 |         69 |         69 |       0 |    0 |     23 |      0 |      0 |          0 |
|                   (rhsToFloat)                     |                                        PipelinedINToRecFN_3_108 |         61 |         61 |       0 |    0 |     23 |      0 |      0 |          0 |
|                   roundAnyRawFNToRecFN             |                           RoundAnyRawFNToRecFN_ie4_is8_oe8_os24 |          8 |          8 |       0 |    0 |      0 |      0 |      0 |          0 |
|                 round                              |                                    RoundRawFNToRecFN_e8_s24_109 |          2 |          2 |       0 |    0 |      0 |      0 |      0 |          0 |
|                   roundAnyRawFNToRecFN             |                      RoundAnyRawFNToRecFN_ie8_is26_oe8_os24_110 |          2 |          2 |       0 |    0 |      0 |      0 |      0 |          0 |
|               balls_8                              |                                                     Int8MulBall |        836 |        836 |       0 |    0 |    712 |      0 |      0 |          2 |
|                 (balls_8)                          |                                                     Int8MulBall |        266 |        266 |       0 |    0 |    588 |      0 |      0 |          0 |
|                 scale                              |                                       MulAddRecFNPipe_l3_e8_s24 |        570 |        570 |       0 |    0 |    124 |      0 |      0 |          2 |
|                   (scale)                          |                                       MulAddRecFNPipe_l3_e8_s24 |        321 |        321 |       0 |    0 |    124 |      0 |      0 |          2 |
|                   mulAddRecFNToRaw_postMul         |                             MulAddRecFNToRaw_postMul_e8_s24_102 |         65 |         65 |       0 |    0 |      0 |      0 |      0 |          0 |
|                   mulAddRecFNToRaw_preMul          |                              MulAddRecFNToRaw_preMul_e8_s24_103 |         42 |         42 |       0 |    0 |      0 |      0 |      0 |          0 |
|                   roundRawFNToRecFN                |                                    RoundRawFNToRecFN_e8_s24_104 |        142 |        142 |       0 |    0 |      0 |      0 |      0 |          0 |
|                     roundAnyRawFNToRecFN           |                      RoundAnyRawFNToRecFN_ie8_is26_oe8_os24_105 |        142 |        142 |       0 |    0 |      0 |      0 |      0 |          0 |
|               balls_9                              |                                                      MatAddBall |        183 |        183 |       0 |    0 |    304 |      0 |      0 |          0 |
|                 unit                               |                                                          MatAdd |        183 |        183 |       0 |    0 |    304 |      0 |      0 |          0 |
|               cmdRouter                            |                                                       CmdRouter |        167 |        167 |       0 |    0 |     14 |      0 |      0 |          0 |
|                 (cmdRouter)                        |                                                       CmdRouter |          4 |          4 |       0 |    0 |     10 |      0 |      0 |          0 |
|                 arbiter                            |                                                       RRArbiter |        163 |        163 |       0 |    0 |      4 |      0 |      0 |          0 |
|           bankReadReqQ_q                           |                                Queue8_BuckyballAccelerator_Anon |         22 |          8 |      14 |    0 |      7 |      0 |      0 |          0 |
|             (bankReadReqQ_q)                       |                                Queue8_BuckyballAccelerator_Anon |          6 |          6 |       0 |    0 |      7 |      0 |      0 |          0 |
|             ram_ext                                |                                                    ram_8x19_101 |         16 |          2 |      14 |    0 |      0 |      0 |      0 |          0 |
|           bankReadReqQ_q_1                         |                             Queue8_BuckyballAccelerator_Anon_14 |         20 |          8 |      12 |    0 |      7 |      0 |      0 |          0 |
|             (bankReadReqQ_q_1)                     |                             Queue8_BuckyballAccelerator_Anon_14 |          6 |          6 |       0 |    0 |      7 |      0 |      0 |          0 |
|             ram_ext                                |                                                    ram_8x19_100 |         14 |          2 |      12 |    0 |      0 |      0 |      0 |          0 |
|           bankReadReqQ_q_10                        |                             Queue8_BuckyballAccelerator_Anon_15 |         22 |          8 |      14 |    0 |      7 |      0 |      0 |          0 |
|             (bankReadReqQ_q_10)                    |                             Queue8_BuckyballAccelerator_Anon_15 |          6 |          6 |       0 |    0 |      7 |      0 |      0 |          0 |
|             ram_ext                                |                                                     ram_8x19_99 |         16 |          2 |      14 |    0 |      0 |      0 |      0 |          0 |
|           bankReadReqQ_q_11                        |                             Queue8_BuckyballAccelerator_Anon_16 |         22 |          8 |      14 |    0 |      7 |      0 |      0 |          0 |
|             (bankReadReqQ_q_11)                    |                             Queue8_BuckyballAccelerator_Anon_16 |          6 |          6 |       0 |    0 |      7 |      0 |      0 |          0 |
|             ram_ext                                |                                                     ram_8x19_98 |         16 |          2 |      14 |    0 |      0 |      0 |      0 |          0 |
|           bankReadReqQ_q_12                        |                             Queue8_BuckyballAccelerator_Anon_17 |         22 |          8 |      14 |    0 |      7 |      0 |      0 |          0 |
|             (bankReadReqQ_q_12)                    |                             Queue8_BuckyballAccelerator_Anon_17 |          6 |          6 |       0 |    0 |      7 |      0 |      0 |          0 |
|             ram_ext                                |                                                     ram_8x19_97 |         16 |          2 |      14 |    0 |      0 |      0 |      0 |          0 |
|           bankReadReqQ_q_13                        |                             Queue8_BuckyballAccelerator_Anon_18 |         22 |          8 |      14 |    0 |      7 |      0 |      0 |          0 |
|             (bankReadReqQ_q_13)                    |                             Queue8_BuckyballAccelerator_Anon_18 |          6 |          6 |       0 |    0 |      7 |      0 |      0 |          0 |
|             ram_ext                                |                                                     ram_8x19_96 |         16 |          2 |      14 |    0 |      0 |      0 |      0 |          0 |
|           bankReadReqQ_q_14                        |                             Queue8_BuckyballAccelerator_Anon_19 |         22 |          8 |      14 |    0 |      7 |      0 |      0 |          0 |
|             (bankReadReqQ_q_14)                    |                             Queue8_BuckyballAccelerator_Anon_19 |          6 |          6 |       0 |    0 |      7 |      0 |      0 |          0 |
|             ram_ext                                |                                                     ram_8x19_95 |         16 |          2 |      14 |    0 |      0 |      0 |      0 |          0 |
|           bankReadReqQ_q_15                        |                             Queue8_BuckyballAccelerator_Anon_20 |         22 |          8 |      14 |    0 |      7 |      0 |      0 |          0 |
|             (bankReadReqQ_q_15)                    |                             Queue8_BuckyballAccelerator_Anon_20 |          6 |          6 |       0 |    0 |      7 |      0 |      0 |          0 |
|             ram_ext                                |                                                     ram_8x19_94 |         16 |          2 |      14 |    0 |      0 |      0 |      0 |          0 |
|           bankReadReqQ_q_2                         |                             Queue8_BuckyballAccelerator_Anon_21 |         20 |          8 |      12 |    0 |      7 |      0 |      0 |          0 |
|             (bankReadReqQ_q_2)                     |                             Queue8_BuckyballAccelerator_Anon_21 |          6 |          6 |       0 |    0 |      7 |      0 |      0 |          0 |
|             ram_ext                                |                                                     ram_8x19_93 |         14 |          2 |      12 |    0 |      0 |      0 |      0 |          0 |
|           bankReadReqQ_q_3                         |                             Queue8_BuckyballAccelerator_Anon_22 |         19 |          7 |      12 |    0 |      7 |      0 |      0 |          0 |
|             (bankReadReqQ_q_3)                     |                             Queue8_BuckyballAccelerator_Anon_22 |          5 |          5 |       0 |    0 |      7 |      0 |      0 |          0 |
|             ram_ext                                |                                                     ram_8x19_92 |         14 |          2 |      12 |    0 |      0 |      0 |      0 |          0 |
|           bankReadReqQ_q_4                         |                             Queue8_BuckyballAccelerator_Anon_23 |         20 |          8 |      12 |    0 |      7 |      0 |      0 |          0 |
|             (bankReadReqQ_q_4)                     |                             Queue8_BuckyballAccelerator_Anon_23 |          6 |          6 |       0 |    0 |      7 |      0 |      0 |          0 |
|             ram_ext                                |                                                     ram_8x19_91 |         14 |          2 |      12 |    0 |      0 |      0 |      0 |          0 |
|           bankReadReqQ_q_5                         |                             Queue8_BuckyballAccelerator_Anon_24 |         20 |          8 |      12 |    0 |      7 |      0 |      0 |          0 |
|             (bankReadReqQ_q_5)                     |                             Queue8_BuckyballAccelerator_Anon_24 |          6 |          6 |       0 |    0 |      7 |      0 |      0 |          0 |
|             ram_ext                                |                                                     ram_8x19_90 |         14 |          2 |      12 |    0 |      0 |      0 |      0 |          0 |
|           bankReadReqQ_q_6                         |                             Queue8_BuckyballAccelerator_Anon_25 |         16 |          8 |       8 |    0 |      7 |      0 |      0 |          0 |
|             (bankReadReqQ_q_6)                     |                             Queue8_BuckyballAccelerator_Anon_25 |          6 |          6 |       0 |    0 |      7 |      0 |      0 |          0 |
|             ram_ext                                |                                                     ram_8x19_89 |         10 |          2 |       8 |    0 |      0 |      0 |      0 |          0 |
|           bankReadReqQ_q_7                         |                             Queue8_BuckyballAccelerator_Anon_26 |         20 |          8 |      12 |    0 |      7 |      0 |      0 |          0 |
|             (bankReadReqQ_q_7)                     |                             Queue8_BuckyballAccelerator_Anon_26 |          6 |          6 |       0 |    0 |      7 |      0 |      0 |          0 |
|             ram_ext                                |                                                     ram_8x19_88 |         14 |          2 |      12 |    0 |      0 |      0 |      0 |          0 |
|           bankReadReqQ_q_8                         |                             Queue8_BuckyballAccelerator_Anon_27 |         20 |          8 |      12 |    0 |      7 |      0 |      0 |          0 |
|             (bankReadReqQ_q_8)                     |                             Queue8_BuckyballAccelerator_Anon_27 |          6 |          6 |       0 |    0 |      7 |      0 |      0 |          0 |
|             ram_ext                                |                                                     ram_8x19_87 |         14 |          2 |      12 |    0 |      0 |      0 |      0 |          0 |
|           bankReadReqQ_q_9                         |                             Queue8_BuckyballAccelerator_Anon_28 |         20 |          8 |      12 |    0 |      7 |      0 |      0 |          0 |
|             (bankReadReqQ_q_9)                     |                             Queue8_BuckyballAccelerator_Anon_28 |          6 |          6 |       0 |    0 |      7 |      0 |      0 |          0 |
|             ram_ext                                |                                                        ram_8x19 |         14 |          2 |      12 |    0 |      0 |      0 |      0 |          0 |
|           frontend                                 |                                                      Frontend_1 |       3918 |       3914 |       4 |    0 |   1867 |      0 |      0 |          0 |
|             boot                                   |                                                         BootRom |         18 |         18 |       0 |    0 |      9 |      0 |      0 |          0 |
|             scheduler                              |                                                 GlobalScheduler |       3900 |       3896 |       4 |    0 |   1858 |      0 |      0 |          0 |
|               (scheduler)                          |                                                 GlobalScheduler |          0 |          0 |       0 |    0 |      3 |      0 |      0 |          0 |
|               completeQueue                        |                                                    Queue8_UInt3 |         52 |         48 |       4 |    0 |      8 |      0 |      0 |          0 |
|                 (completeQueue)                    |                                                    Queue8_UInt3 |         10 |         10 |       0 |    0 |      8 |      0 |      0 |          0 |
|                 ram_ext                            |                                                         mem_8x3 |         42 |         38 |       4 |    0 |      0 |      0 |      0 |          0 |
|               rob                                  |                                                       GlobalROB |       3848 |       3848 |       0 |    0 |   1847 |      0 |      0 |          0 |
|                 (rob)                              |                                                       GlobalROB |       2907 |       2907 |       0 |    0 |   1687 |      0 |      0 |          0 |
|                 bat                                |                                                  BankAliasTable |        741 |        741 |       0 |    0 |    152 |      0 |      0 |          0 |
|                 scoreboard                         |                                                  BankScoreboard |        200 |        200 |       0 |    0 |      8 |      0 |      0 |          0 |
|           gpDomain                                 |                                                        GpDomain |          0 |          0 |       0 |    0 |      4 |      0 |      0 |          0 |
|             completeQ                              |                                      Queue1_GlobalSchedComplete |          0 |          0 |       0 |    0 |      4 |      0 |      0 |          0 |
|           memDomain                                |                                                       MemDomain |      75735 |      69499 |    6236 |    0 |   4820 |      0 |      0 |          5 |
|             backend                                |                                                      MemBackend |      56602 |      50458 |    6144 |    0 |   2548 |      0 |      0 |          0 |
|               privateBackend                       |                                               PrivateMemBackend |      56602 |      50458 |    6144 |    0 |   2548 |      0 |      0 |          0 |
|                 (privateBackend)                   |                                               PrivateMemBackend |       2353 |       2353 |       0 |    0 |    653 |      0 |      0 |          0 |
|                 accPipes_0                         |                                                         AccPipe |       5382 |       5382 |       0 |    0 |    131 |      0 |      0 |          0 |
|                 accPipes_1                         |                                                      AccPipe_29 |       4975 |       4975 |       0 |    0 |    131 |      0 |      0 |          0 |
|                 accPipes_10                        |                                                      AccPipe_30 |       3339 |       3339 |       0 |    0 |    131 |      0 |      0 |          0 |
|                 accPipes_11                        |                                                      AccPipe_31 |       3500 |       3500 |       0 |    0 |    131 |      0 |      0 |          0 |
|                 accPipes_12                        |                                                      AccPipe_32 |       3810 |       3810 |       0 |    0 |    131 |      0 |      0 |          0 |
|                 accPipes_2                         |                                                      AccPipe_33 |       3141 |       3141 |       0 |    0 |    131 |      0 |      0 |          0 |
|                 accPipes_3                         |                                                      AccPipe_34 |       3108 |       3108 |       0 |    0 |    131 |      0 |      0 |          0 |
|                 accPipes_4                         |                                                      AccPipe_35 |       3232 |       3232 |       0 |    0 |    131 |      0 |      0 |          0 |
|                 accPipes_5                         |                                                      AccPipe_36 |       2705 |       2705 |       0 |    0 |    131 |      0 |      0 |          0 |
|                 accPipes_6                         |                                                      AccPipe_37 |       3510 |       3510 |       0 |    0 |    131 |      0 |      0 |          0 |
|                 accPipes_7                         |                                                      AccPipe_38 |       3131 |       3131 |       0 |    0 |    131 |      0 |      0 |          0 |
|                 accPipes_8                         |                                                      AccPipe_39 |       3696 |       3696 |       0 |    0 |    131 |      0 |      0 |          0 |
|                 accPipes_9                         |                                                      AccPipe_40 |       3888 |       3888 |       0 |    0 |    131 |      0 |      0 |          0 |
|                 banks_0                            |                                                        SramBank |        272 |         16 |     256 |    0 |      8 |      0 |      0 |          0 |
|                   (banks_0)                        |                                                        SramBank |          0 |          0 |       0 |    0 |      2 |      0 |      0 |          0 |
|                   mem_ext                          |                                                   mem_64x128_86 |        272 |         16 |     256 |    0 |      6 |      0 |      0 |          0 |
|                 banks_1                            |                                                     SramBank_41 |        296 |         40 |     256 |    0 |      8 |      0 |      0 |          0 |
|                   (banks_1)                        |                                                     SramBank_41 |         24 |         24 |       0 |    0 |      2 |      0 |      0 |          0 |
|                   mem_ext                          |                                                   mem_64x128_85 |        272 |         16 |     256 |    0 |      6 |      0 |      0 |          0 |
|                 banks_10                           |                                                     SramBank_42 |        272 |         16 |     256 |    0 |      8 |      0 |      0 |          0 |
|                   (banks_10)                       |                                                     SramBank_42 |          0 |          0 |       0 |    0 |      2 |      0 |      0 |          0 |
|                   mem_ext                          |                                                   mem_64x128_84 |        272 |         16 |     256 |    0 |      6 |      0 |      0 |          0 |
|                 banks_11                           |                                                     SramBank_43 |        296 |         40 |     256 |    0 |      8 |      0 |      0 |          0 |
|                   (banks_11)                       |                                                     SramBank_43 |         24 |         24 |       0 |    0 |      2 |      0 |      0 |          0 |
|                   mem_ext                          |                                                   mem_64x128_83 |        272 |         16 |     256 |    0 |      6 |      0 |      0 |          0 |
|                 banks_12                           |                                                     SramBank_44 |        256 |          0 |     256 |    0 |      8 |      0 |      0 |          0 |
|                   (banks_12)                       |                                                     SramBank_44 |          0 |          0 |       0 |    0 |      2 |      0 |      0 |          0 |
|                   mem_ext                          |                                                   mem_64x128_82 |        256 |          0 |     256 |    0 |      6 |      0 |      0 |          0 |
|                 banks_13                           |                                                     SramBank_45 |        320 |         64 |     256 |    0 |      8 |      0 |      0 |          0 |
|                   (banks_13)                       |                                                     SramBank_45 |         48 |         48 |       0 |    0 |      2 |      0 |      0 |          0 |
|                   mem_ext                          |                                                   mem_64x128_81 |        272 |         16 |     256 |    0 |      6 |      0 |      0 |          0 |
|                 banks_14                           |                                                     SramBank_46 |        272 |         16 |     256 |    0 |      8 |      0 |      0 |          0 |
|                   (banks_14)                       |                                                     SramBank_46 |          0 |          0 |       0 |    0 |      2 |      0 |      0 |          0 |
|                   mem_ext                          |                                                   mem_64x128_80 |        272 |         16 |     256 |    0 |      6 |      0 |      0 |          0 |
|                 banks_15                           |                                                     SramBank_47 |        296 |         40 |     256 |    0 |      8 |      0 |      0 |          0 |
|                   (banks_15)                       |                                                     SramBank_47 |         24 |         24 |       0 |    0 |      2 |      0 |      0 |          0 |
|                   mem_ext                          |                                                   mem_64x128_79 |        272 |         16 |     256 |    0 |      6 |      0 |      0 |          0 |
|                 banks_16                           |                                                     SramBank_48 |        272 |         16 |     256 |    0 |      8 |      0 |      0 |          0 |
|                   (banks_16)                       |                                                     SramBank_48 |          0 |          0 |       0 |    0 |      2 |      0 |      0 |          0 |
|                   mem_ext                          |                                                   mem_64x128_78 |        272 |         16 |     256 |    0 |      6 |      0 |      0 |          0 |
|                 banks_17                           |                                                     SramBank_49 |        296 |         40 |     256 |    0 |      8 |      0 |      0 |          0 |
|                   (banks_17)                       |                                                     SramBank_49 |         24 |         24 |       0 |    0 |      2 |      0 |      0 |          0 |
|                   mem_ext                          |                                                   mem_64x128_77 |        272 |         16 |     256 |    0 |      6 |      0 |      0 |          0 |
|                 banks_18                           |                                                     SramBank_50 |        272 |         16 |     256 |    0 |      8 |      0 |      0 |          0 |
|                   (banks_18)                       |                                                     SramBank_50 |          0 |          0 |       0 |    0 |      2 |      0 |      0 |          0 |
|                   mem_ext                          |                                                   mem_64x128_76 |        272 |         16 |     256 |    0 |      6 |      0 |      0 |          0 |
|                 banks_19                           |                                                     SramBank_51 |        280 |         24 |     256 |    0 |      8 |      0 |      0 |          0 |
|                   (banks_19)                       |                                                     SramBank_51 |         24 |         24 |       0 |    0 |      2 |      0 |      0 |          0 |
|                   mem_ext                          |                                                   mem_64x128_75 |        256 |          0 |     256 |    0 |      6 |      0 |      0 |          0 |
|                 banks_2                            |                                                     SramBank_52 |        272 |         16 |     256 |    0 |      8 |      0 |      0 |          0 |
|                   (banks_2)                        |                                                     SramBank_52 |          0 |          0 |       0 |    0 |      2 |      0 |      0 |          0 |
|                   mem_ext                          |                                                   mem_64x128_74 |        272 |         16 |     256 |    0 |      6 |      0 |      0 |          0 |
|                 banks_20                           |                                                     SramBank_53 |        256 |          0 |     256 |    0 |      8 |      0 |      0 |          0 |
|                   (banks_20)                       |                                                     SramBank_53 |          0 |          0 |       0 |    0 |      2 |      0 |      0 |          0 |
|                   mem_ext                          |                                                   mem_64x128_73 |        256 |          0 |     256 |    0 |      6 |      0 |      0 |          0 |
|                 banks_21                           |                                                     SramBank_54 |        280 |         24 |     256 |    0 |      8 |      0 |      0 |          0 |
|                   (banks_21)                       |                                                     SramBank_54 |         24 |         24 |       0 |    0 |      2 |      0 |      0 |          0 |
|                   mem_ext                          |                                                   mem_64x128_72 |        256 |          0 |     256 |    0 |      6 |      0 |      0 |          0 |
|                 banks_22                           |                                                     SramBank_55 |        256 |          0 |     256 |    0 |      8 |      0 |      0 |          0 |
|                   (banks_22)                       |                                                     SramBank_55 |          0 |          0 |       0 |    0 |      2 |      0 |      0 |          0 |
|                   mem_ext                          |                                                   mem_64x128_71 |        256 |          0 |     256 |    0 |      6 |      0 |      0 |          0 |
|                 banks_23                           |                                                     SramBank_56 |        344 |         88 |     256 |    0 |      8 |      0 |      0 |          0 |
|                   (banks_23)                       |                                                     SramBank_56 |         72 |         72 |       0 |    0 |      2 |      0 |      0 |          0 |
|                   mem_ext                          |                                                   mem_64x128_70 |        272 |         16 |     256 |    0 |      6 |      0 |      0 |          0 |
|                 banks_3                            |                                                     SramBank_57 |        296 |         40 |     256 |    0 |      8 |      0 |      0 |          0 |
|                   (banks_3)                        |                                                     SramBank_57 |         24 |         24 |       0 |    0 |      2 |      0 |      0 |          0 |
|                   mem_ext                          |                                                   mem_64x128_69 |        272 |         16 |     256 |    0 |      6 |      0 |      0 |          0 |
|                 banks_4                            |                                                     SramBank_58 |        272 |         16 |     256 |    0 |      8 |      0 |      0 |          0 |
|                   (banks_4)                        |                                                     SramBank_58 |          0 |          0 |       0 |    0 |      2 |      0 |      0 |          0 |
|                   mem_ext                          |                                                   mem_64x128_68 |        272 |         16 |     256 |    0 |      6 |      0 |      0 |          0 |
|                 banks_5                            |                                                     SramBank_59 |        320 |         64 |     256 |    0 |      8 |      0 |      0 |          0 |
|                   (banks_5)                        |                                                     SramBank_59 |         48 |         48 |       0 |    0 |      2 |      0 |      0 |          0 |
|                   mem_ext                          |                                                   mem_64x128_67 |        272 |         16 |     256 |    0 |      6 |      0 |      0 |          0 |
|                 banks_6                            |                                                     SramBank_60 |        272 |         16 |     256 |    0 |      8 |      0 |      0 |          0 |
|                   (banks_6)                        |                                                     SramBank_60 |          0 |          0 |       0 |    0 |      2 |      0 |      0 |          0 |
|                   mem_ext                          |                                                   mem_64x128_66 |        272 |         16 |     256 |    0 |      6 |      0 |      0 |          0 |
|                 banks_7                            |                                                     SramBank_61 |        296 |         40 |     256 |    0 |      8 |      0 |      0 |          0 |
|                   (banks_7)                        |                                                     SramBank_61 |         24 |         24 |       0 |    0 |      2 |      0 |      0 |          0 |
|                   mem_ext                          |                                                   mem_64x128_65 |        272 |         16 |     256 |    0 |      6 |      0 |      0 |          0 |
|                 banks_8                            |                                                     SramBank_62 |        272 |         16 |     256 |    0 |      8 |      0 |      0 |          0 |
|                   (banks_8)                        |                                                     SramBank_62 |          0 |          0 |       0 |    0 |      2 |      0 |      0 |          0 |
|                   mem_ext                          |                                                   mem_64x128_64 |        272 |         16 |     256 |    0 |      6 |      0 |      0 |          0 |
|                 banks_9                            |                                                     SramBank_63 |        296 |         40 |     256 |    0 |      8 |      0 |      0 |          0 |
|                   (banks_9)                        |                                                     SramBank_63 |         24 |         24 |       0 |    0 |      2 |      0 |      0 |          0 |
|                   mem_ext                          |                                                      mem_64x128 |        272 |         16 |     256 |    0 |      6 |      0 |      0 |          0 |
|             frontend                               |                                                     MemFrontend |       2671 |       2579 |      92 |    0 |   1855 |      0 |      0 |          5 |
|               (frontend)                           |                                                     MemFrontend |        534 |        534 |       0 |    0 |      2 |      0 |      0 |          0 |
|               configer                             |                                                     MemConfiger |        241 |        241 |       0 |    0 |     59 |      0 |      0 |          0 |
|                 (configer)                         |                                                     MemConfiger |        215 |        215 |       0 |    0 |     25 |      0 |      0 |          0 |
|                 zeroLines                          |                                               ZeroLineGenerator |         26 |         26 |       0 |    0 |     34 |      0 |      0 |          0 |
|               memLoader                            |                                                       MemLoader |        119 |        119 |       0 |    0 |    275 |      0 |      0 |          2 |
|               memRs                                |                                           MemReservationStation |        121 |         29 |      92 |    0 |      5 |      0 |      0 |          0 |
|                 fifo                               |                               Queue4_MemReservationStation_Anon |        121 |         29 |      92 |    0 |      5 |      0 |      0 |          0 |
|                   (fifo)                           |                               Queue4_MemReservationStation_Anon |          4 |          4 |       0 |    0 |      5 |      0 |      0 |          0 |
|                   ram_ext                          |                                                       ram_4x153 |        117 |         25 |      92 |    0 |      0 |      0 |      0 |          0 |
|               memStorer                            |                                                       MemStorer |        644 |        644 |       0 |    0 |    639 |      0 |      0 |          1 |
|               reader                               |                                                    StreamReader |        878 |        878 |       0 |    0 |    437 |      0 |      0 |          2 |
|               tlbCluster                           |                                                    BBTLBCluster |        169 |        169 |       0 |    0 |    257 |      0 |      0 |          0 |
|                 (tlbCluster)                       |                                                    BBTLBCluster |          0 |          0 |       0 |    0 |      1 |      0 |      0 |          0 |
|                 tlb                                |                                                             TLB |        169 |        169 |       0 |    0 |    255 |      0 |      0 |          0 |
|                 tlbArb                             |                                                     RRArbiter_1 |          0 |          0 |       0 |    0 |      1 |      0 |      0 |          0 |
|               writer                               |                                                  StreamWriter_1 |          5 |          5 |       0 |    0 |    181 |      0 |      0 |          0 |
|             midend                                 |                                                       MemMidend |      16462 |      16462 |       0 |    0 |    417 |      0 |      0 |          0 |
|         barrierUnit                                |                                                     BarrierUnit |          1 |          1 |       0 |    0 |      1 |      0 |      0 |          0 |
|         buffer                                     |                                         TLBuffer_a32d128s3k4z4u |        278 |        152 |     126 |    0 |      6 |      0 |      0 |          0 |
|           nodeIn_d_q                               |                              Queue2_TLBundleD_a32d128s3k4z4u_11 |        194 |         96 |      98 |    0 |      3 |      0 |      0 |          0 |
|             (nodeIn_d_q)                           |                              Queue2_TLBundleD_a32d128s3k4z4u_11 |          5 |          5 |       0 |    0 |      3 |      0 |      0 |          0 |
|             ram_ext                                |                                                       ram_2x146 |        189 |         91 |      98 |    0 |      0 |      0 |      0 |          0 |
|           nodeOut_a_q                              |                              Queue2_TLBundleA_a32d128s3k4z4u_12 |         84 |         56 |      28 |    0 |      3 |      0 |      0 |          0 |
|             (nodeOut_a_q)                          |                              Queue2_TLBundleA_a32d128s3k4z4u_12 |          5 |          5 |       0 |    0 |      3 |      0 |      0 |          0 |
|             ram_ext                                |                                                    ram_2x190_13 |         79 |         51 |      28 |    0 |      0 |      0 |      0 |          0 |
|         buffer_1                                   |                                       TLBuffer_a32d128s3k4z4u_1 |        260 |        140 |     120 |    0 |      6 |      0 |      0 |          0 |
|           nodeIn_d_q                               |                                 Queue2_TLBundleD_a32d128s3k4z4u |          4 |          4 |       0 |    0 |      3 |      0 |      0 |          0 |
|           nodeOut_a_q                              |                                 Queue2_TLBundleA_a32d128s3k4z4u |        256 |        136 |     120 |    0 |      3 |      0 |      0 |          0 |
|             (nodeOut_a_q)                          |                                 Queue2_TLBundleA_a32d128s3k4z4u |          2 |          2 |       0 |    0 |      3 |      0 |      0 |          0 |
|             ram_ext                                |                                                       ram_2x190 |        254 |        134 |     120 |    0 |      0 |      0 |      0 |          0 |
|         buffer_2                                   |                                         TLBuffer_a32d128s4k4z4u |        236 |          8 |     228 |    0 |      6 |      0 |      0 |          0 |
|           nodeIn_d_q                               |                                 Queue2_TLBundleD_a32d128s4k4z4u |        104 |          4 |     100 |    0 |      3 |      0 |      0 |          0 |
|             (nodeIn_d_q)                           |                                 Queue2_TLBundleD_a32d128s4k4z4u |          2 |          2 |       0 |    0 |      3 |      0 |      0 |          0 |
|             ram_ext                                |                                                       ram_2x147 |        102 |          2 |     100 |    0 |      0 |      0 |      0 |          0 |
|           nodeOut_a_q                              |                                 Queue2_TLBundleA_a32d128s4k4z4u |        132 |          4 |     128 |    0 |      3 |      0 |      0 |          0 |
|             (nodeOut_a_q)                          |                                 Queue2_TLBundleA_a32d128s4k4z4u |          3 |          3 |       0 |    0 |      3 |      0 |      0 |          0 |
|             ram_ext                                |                                                       ram_2x191 |        129 |          1 |     128 |    0 |      0 |      0 |      0 |          0 |
|         cores_0                                    |                                                        RocketBB |       6788 |       6700 |      88 |    0 |   2107 |      0 |      0 |         13 |
|           (cores_0)                                |                                                        RocketBB |       2617 |       2617 |       0 |    0 |    788 |      0 |      0 |          0 |
|           csr                                      |                                                         CSRFile |       2237 |       2237 |       0 |    0 |   1033 |      0 |      0 |          0 |
|           div                                      |                                                          MulDiv |       1595 |       1595 |       0 |    0 |    214 |      0 |      0 |         13 |
|           ibuf                                     |                                                            IBuf |        209 |        209 |       0 |    0 |     72 |      0 |      0 |          0 |
|           rf_ext                                   |                                                        rf_31x64 |        130 |         42 |      88 |    0 |      0 |      0 |      0 |          0 |
|         dcache                                     |                                                          DCache |      30181 |      29997 |     184 |    0 |  68023 |      0 |      0 |          0 |
|           (dcache)                                 |                                                          DCache |       2414 |       2414 |       0 |    0 |   2321 |      0 |      0 |          0 |
|           bbtile_dcache_tag_array_ext              |                                   bbtile_dcache_tag_array_32x92 |        415 |        231 |     184 |    0 |      5 |      0 |      0 |          0 |
|           data                                     |                                                 DCacheDataArray |      27350 |      27350 |       0 |    0 |  65681 |      0 |      0 |          0 |
|             bbtile_dcache_data_arrays_0_ext        |                               bbtile_dcache_data_arrays_128x256 |      13789 |      13789 |       0 |    0 |  32837 |      0 |      0 |          0 |
|             bbtile_dcache_data_arrays_1_ext        |                            bbtile_dcache_data_arrays_128x256_10 |      13561 |      13561 |       0 |    0 |  32844 |      0 |      0 |          0 |
|           lfsr_prng                                |                                        MaxPeriodFibonacciLFSR_9 |          2 |          2 |       0 |    0 |     16 |      0 |      0 |          0 |
|         dcacheArb                                  |                                               HellaCacheArbiter |          2 |          2 |       0 |    0 |      4 |      0 |      0 |          0 |
|         fpuOpts_0                                  |                                                             FPU |      14099 |      14099 |       0 |    0 |   5390 |      0 |      0 |         12 |
|           (fpuOpts_0)                              |                                                             FPU |         34 |         34 |       0 |    0 |    219 |      0 |      0 |          0 |
|           dfma                                     |                                               FPUFMAPipe_l6_f64 |       2280 |       2280 |       0 |    0 |    982 |      0 |      0 |          9 |
|             (dfma)                                 |                                               FPUFMAPipe_l6_f64 |         20 |         20 |       0 |    0 |    236 |      0 |      0 |          0 |
|             fma                                    |                                      MulAddRecFNPipe_l4_e11_s53 |       2260 |       2260 |       0 |    0 |    746 |      0 |      0 |          9 |
|               (fma)                                |                                      MulAddRecFNPipe_l4_e11_s53 |        738 |        738 |       0 |    0 |    746 |      0 |      0 |          9 |
|               mulAddRecFNToRaw_postMul             |                                MulAddRecFNToRaw_postMul_e11_s53 |        641 |        641 |       0 |    0 |      0 |      0 |      0 |          0 |
|               mulAddRecFNToRaw_preMul              |                                 MulAddRecFNToRaw_preMul_e11_s53 |        527 |        527 |       0 |    0 |      0 |      0 |      0 |          0 |
|               roundRawFNToRecFN                    |                                     RoundRawFNToRecFN_e11_s53_7 |        354 |        354 |       0 |    0 |      0 |      0 |      0 |          0 |
|                 roundAnyRawFNToRecFN               |                      RoundAnyRawFNToRecFN_ie11_is55_oe11_os53_8 |        354 |        354 |       0 |    0 |      0 |      0 |      0 |          0 |
|           divSqrt                                  |                                       DivSqrtRecFM_small_e5_s11 |        192 |        192 |       0 |    0 |     60 |      0 |      0 |          0 |
|             divSqrtRecFNToRaw                      |                                  DivSqrtRecFMToRaw_small_e5_s11 |        192 |        192 |       0 |    0 |     60 |      0 |      0 |          0 |
|               divSqrtRawFN                         |                                       DivSqrtRawFN_small_e5_s11 |        192 |        192 |       0 |    0 |     60 |      0 |      0 |          0 |
|             roundRawFNToRecFN                      |                                      RoundRawFNToRecFN_e5_s11_5 |          0 |          0 |       0 |    0 |      0 |      0 |      0 |          0 |
|               roundAnyRawFNToRecFN                 |                        RoundAnyRawFNToRecFN_ie5_is13_oe5_os11_6 |          0 |          0 |       0 |    0 |      0 |      0 |      0 |          0 |
|           divSqrt_1                                |                                       DivSqrtRecFM_small_e8_s24 |        315 |        315 |       0 |    0 |    103 |      0 |      0 |          0 |
|             divSqrtRecFNToRaw                      |                                  DivSqrtRecFMToRaw_small_e8_s24 |        312 |        312 |       0 |    0 |    103 |      0 |      0 |          0 |
|               divSqrtRawFN                         |                                       DivSqrtRawFN_small_e8_s24 |        312 |        312 |       0 |    0 |    103 |      0 |      0 |          0 |
|             roundRawFNToRecFN                      |                                      RoundRawFNToRecFN_e8_s24_3 |          3 |          3 |       0 |    0 |      0 |      0 |      0 |          0 |
|               roundAnyRawFNToRecFN                 |                        RoundAnyRawFNToRecFN_ie8_is26_oe8_os24_4 |          3 |          3 |       0 |    0 |      0 |      0 |      0 |          0 |
|           divSqrt_2                                |                                      DivSqrtRecFM_small_e11_s53 |       2978 |       2978 |       0 |    0 |    194 |      0 |      0 |          0 |
|             divSqrtRecFNToRaw                      |                                 DivSqrtRecFMToRaw_small_e11_s53 |       2967 |       2967 |       0 |    0 |    194 |      0 |      0 |          0 |
|               divSqrtRawFN                         |                                      DivSqrtRawFN_small_e11_s53 |       2967 |       2967 |       0 |    0 |    194 |      0 |      0 |          0 |
|             roundRawFNToRecFN                      |                                       RoundRawFNToRecFN_e11_s53 |         11 |         11 |       0 |    0 |      0 |      0 |      0 |          0 |
|               roundAnyRawFNToRecFN                 |                        RoundAnyRawFNToRecFN_ie11_is55_oe11_os53 |         11 |         11 |       0 |    0 |      0 |      0 |      0 |          0 |
|           fpiu                                     |                                                         FPToInt |       1502 |       1502 |       0 |    0 |    145 |      0 |      0 |          0 |
|           fpmu                                     |                                                          FPToFP |        646 |        646 |       0 |    0 |    208 |      0 |      0 |          0 |
|             (fpmu)                                 |                                                          FPToFP |        204 |        204 |       0 |    0 |    208 |      0 |      0 |          0 |
|             narrower                               |                                                    RecFNToRecFN |        156 |        156 |       0 |    0 |      0 |      0 |      0 |          0 |
|               roundAnyRawFNToRecFN                 |                         RoundAnyRawFNToRecFN_ie11_is53_oe5_os11 |        156 |        156 |       0 |    0 |      0 |      0 |      0 |          0 |
|             narrower_1                             |                                                  RecFNToRecFN_1 |        286 |        286 |       0 |    0 |      0 |      0 |      0 |          0 |
|               roundAnyRawFNToRecFN                 |                         RoundAnyRawFNToRecFN_ie11_is53_oe8_os24 |        286 |        286 |       0 |    0 |      0 |      0 |      0 |          0 |
|           hfma                                     |                                               FPUFMAPipe_l5_f16 |        448 |        448 |       0 |    0 |    231 |      0 |      0 |          1 |
|             (hfma)                                 |                                               FPUFMAPipe_l5_f16 |          3 |          3 |       0 |    0 |     57 |      0 |      0 |          0 |
|             fma                                    |                                       MulAddRecFNPipe_l4_e5_s11 |        445 |        445 |       0 |    0 |    174 |      0 |      0 |          1 |
|               (fma)                                |                                       MulAddRecFNPipe_l4_e5_s11 |        242 |        242 |       0 |    0 |    174 |      0 |      0 |          1 |
|               mulAddRecFNToRaw_postMul             |                                 MulAddRecFNToRaw_postMul_e5_s11 |         29 |         29 |       0 |    0 |      0 |      0 |      0 |          0 |
|               mulAddRecFNToRaw_preMul              |                                  MulAddRecFNToRaw_preMul_e5_s11 |        119 |        119 |       0 |    0 |      0 |      0 |      0 |          0 |
|               roundRawFNToRecFN                    |                                        RoundRawFNToRecFN_e5_s11 |         55 |         55 |       0 |    0 |      0 |      0 |      0 |          0 |
|                 roundAnyRawFNToRecFN               |                          RoundAnyRawFNToRecFN_ie5_is13_oe5_os11 |         55 |         55 |       0 |    0 |      0 |      0 |      0 |          0 |
|           ifpu                                     |                                                         IntToFP |       1788 |       1788 |       0 |    0 |    699 |      0 |      0 |          0 |
|             (ifpu)                                 |                                                         IntToFP |         33 |         33 |       0 |    0 |    142 |      0 |      0 |          0 |
|             i2f_0                                  |                                              PipelinedINToRecFN |        956 |        956 |       0 |    0 |    283 |      0 |      0 |          0 |
|               (i2f_0)                              |                                              PipelinedINToRecFN |        930 |        930 |       0 |    0 |    283 |      0 |      0 |          0 |
|               roundAnyRawFNToRecFN                 |                          RoundAnyRawFNToRecFN_ie7_is64_oe5_os11 |         26 |         26 |       0 |    0 |      0 |      0 |      0 |          0 |
|             i2f_1                                  |                                            PipelinedINToRecFN_1 |        402 |        402 |       0 |    0 |    137 |      0 |      0 |          0 |
|               (i2f_1)                              |                                            PipelinedINToRecFN_1 |        373 |        373 |       0 |    0 |    137 |      0 |      0 |          0 |
|               roundAnyRawFNToRecFN                 |                          RoundAnyRawFNToRecFN_ie7_is64_oe8_os24 |         29 |         29 |       0 |    0 |      0 |      0 |      0 |          0 |
|             i2f_2                                  |                                            PipelinedINToRecFN_2 |        397 |        397 |       0 |    0 |    137 |      0 |      0 |          0 |
|               (i2f_2)                              |                                            PipelinedINToRecFN_2 |        377 |        377 |       0 |    0 |    137 |      0 |      0 |          0 |
|               roundAnyRawFNToRecFN                 |                         RoundAnyRawFNToRecFN_ie7_is64_oe11_os53 |         20 |         20 |       0 |    0 |      0 |      0 |      0 |          0 |
|           regfile_ext                              |                                                   regfile_32x65 |       2988 |       2988 |       0 |    0 |   2080 |      0 |      0 |          0 |
|           sfma                                     |                                               FPUFMAPipe_l5_f32 |        928 |        928 |       0 |    0 |    469 |      0 |      0 |          2 |
|             (sfma)                                 |                                               FPUFMAPipe_l5_f32 |          2 |          2 |       0 |    0 |     88 |      0 |      0 |          0 |
|             fma                                    |                                       MulAddRecFNPipe_l4_e8_s24 |        926 |        926 |       0 |    0 |    381 |      0 |      0 |          2 |
|               (fma)                                |                                       MulAddRecFNPipe_l4_e8_s24 |        478 |        478 |       0 |    0 |    381 |      0 |      0 |          2 |
|               mulAddRecFNToRaw_postMul             |                                 MulAddRecFNToRaw_postMul_e8_s24 |         66 |         66 |       0 |    0 |      0 |      0 |      0 |          0 |
|               mulAddRecFNToRaw_preMul              |                                  MulAddRecFNToRaw_preMul_e8_s24 |        275 |        275 |       0 |    0 |      0 |      0 |      0 |          0 |
|               roundRawFNToRecFN                    |                                        RoundRawFNToRecFN_e8_s24 |        107 |        107 |       0 |    0 |      0 |      0 |      0 |          0 |
|                 roundAnyRawFNToRecFN               |                          RoundAnyRawFNToRecFN_ie8_is26_oe8_os24 |        107 |        107 |       0 |    0 |      0 |      0 |      0 |          0 |
|         frontend                                   |                                                        Frontend |      13724 |       5180 |    8544 |    0 |   4664 |      0 |      0 |          0 |
|           (frontend)                               |                                                        Frontend |         47 |         47 |       0 |    0 |    133 |      0 |      0 |          0 |
|           btb                                      |                                                             BTB |       1120 |       1104 |      16 |    0 |   1472 |      0 |      0 |          0 |
|             (btb)                                  |                                                             BTB |       1087 |       1087 |       0 |    0 |   1472 |      0 |      0 |          0 |
|             table_ext                              |                                                     table_512x1 |         33 |         17 |      16 |    0 |      0 |      0 |      0 |          0 |
|           fq                                       |                                                      ShiftQueue |       1142 |       1142 |       0 |    0 |    450 |      0 |      0 |          0 |
|           icache                                   |                                                          ICache |      10346 |       1818 |    8528 |    0 |   1184 |      0 |      0 |          0 |
|             (icache)                               |                                                          ICache |        632 |        632 |       0 |    0 |    821 |      0 |      0 |          0 |
|             bbtile_icache_data_arrays_0_ext        |                               bbtile_icache_data_arrays_256x256 |       2057 |          9 |    2048 |    0 |     84 |      0 |      0 |          0 |
|             bbtile_icache_data_arrays_1_ext        |                             bbtile_icache_data_arrays_256x256_0 |       2304 |        256 |    2048 |    0 |     89 |      0 |      0 |          0 |
|             bbtile_icache_data_arrays_2_ext        |                             bbtile_icache_data_arrays_256x256_1 |       2330 |        282 |    2048 |    0 |     84 |      0 |      0 |          0 |
|             bbtile_icache_data_arrays_3_ext        |                             bbtile_icache_data_arrays_256x256_2 |       2054 |          6 |    2048 |    0 |     84 |      0 |      0 |          0 |
|             bbtile_icache_tag_array_ext            |                                  bbtile_icache_tag_array_64x168 |        414 |         78 |     336 |    0 |      6 |      0 |      0 |          0 |
|             repl_way_v0_prng                       |                                          MaxPeriodFibonacciLFSR |        555 |        555 |       0 |    0 |     16 |      0 |      0 |          0 |
|           tlb                                      |                                                            ITLB |       1070 |       1070 |       0 |    0 |   1425 |      0 |      0 |          0 |
|         ptw                                        |                                                             PTW |        572 |        572 |       0 |    0 |    543 |      0 |      0 |          0 |
|         roccMemIF                                  |                                              SimpleHellaCacheIF |          7 |          7 |       0 |    0 |      8 |      0 |      0 |          0 |
|           (roccMemIF)                              |                                              SimpleHellaCacheIF |          0 |          0 |       0 |    0 |      2 |      0 |      0 |          0 |
|           replayq                                  |                                   SimpleHellaCacheIFReplayQueue |          7 |          7 |       0 |    0 |      6 |      0 |      0 |          0 |
|             (replayq)                              |                                   SimpleHellaCacheIFReplayQueue |          0 |          0 |       0 |    0 |      1 |      0 |      0 |          0 |
|             nackq                                  |                                                    Queue3_UInt2 |          7 |          7 |       0 |    0 |      5 |      0 |      0 |          0 |
|         tlMasterXbar                               |                   TLXbar_MasterXbar_BBTile_i2_o1_a32d128s2k4z4c |         37 |         37 |       0 |    0 |     11 |      0 |      0 |          0 |
|         xbar                                       |                                     TLXbar_i2_o1_a32d128s4k4z4u |         30 |         30 |       0 |    0 |     12 |      0 |      0 |          0 |
+----------------------------------------------------+-----------------------------------------------------------------+------------+------------+---------+------+--------+--------+--------+------------+


